feature_1,feature_2,feature_3,feature_4,feature_5,feature_6,feature_7,feature_8,feature_9,feature_10,feature_11,feature_12,feature_13,feature_14,feature_15,feature_16,feature_17,feature_18,feature_19,feature_20,feature_21,feature_22,feature_23,feature_24,feature_25,feature_26,feature_27,feature_28,feature_29,feature_30,target
17.483570765056164,14.308678494144077,18.23844269050346,22.61514928204013,13.82923312638332,13.829315215254097,22.896064077536955,18.837173645764544,12.652628070325239,17.712800217929825,12.682911535937688,12.671351232148716,16.20981135783017,5.43359877671101,6.375410837434837,12.188562353795136,9.93584439832788,16.571236662976368,10.459879622393945,7.938481493323542,22.32824384460777,13.871118497567322,15.33764102343962,7.8762590689327165,12.278086377374088,15.55461294854933,9.245032112888486,16.87849009172836,11.996806550405974,13.541531251033616,1
14.389760326623618,29.113669107053624,17.919016651572395,11.653734426264597,22.93526947261913,10.674938100173865,19.25318157002853,6.241979256721346,10.030883706609416,19.18116741521474,22.430799479972464,19.02820968713982,17.306110305670554,16.193377826464268,9.128868057795435,13.680934749631747,15.236167374241274,24.34273335731349,20.06170973741077,7.421759067823595,19.94450381636877,15.6895063175021,13.938467998164247,21.67005773304521,24.185997134975704,23.587680714697193,12.964694860664169,16.144725744892714,19.987580588421384,23.853270762734155,0
15.12495457292826,16.886046140017097,11.36199015596383,10.822760255515975,22.875154934365188,26.137440171424938,17.567939270517996,24.021197387352142,20.169816150285804,14.129281472369254,20.168373633050482,27.228219398795815,17.78504376534029,27.387861934884036,2.2815293754615333,22.931415026251344,18.522282409429025,16.205955897204795,18.550564659213013,6.074586512394643,16.68196867297493,20.142675429070476,26.867364268449094,14.890378690358116,13.149038382640873,14.989457738492781,23.49241270621244,19.972506657958107,14.821438777397766,21.079604598680135,0
15.485387746740201,19.843224952664446,11.489734530613237,13.361689267011158,13.039459234339212,7.682425259339407,16.48060138532288,16.305276360899448,15.025567283212304,13.827064333124266,7.923146289747929,12.896773386173205,13.286427417366152,10.988613653891905,14.193571441669954,17.020254284072692,24.43092950605265,15.872889064159194,16.28775195361382,14.627770421169163,5.406143923504793,14.867430622753915,15.301151049705132,27.31621056242643,14.038195176094387,16.507736711668063,14.826441151473784,9.156609811902339,20.714114072575104,18.759665163433873,1
22.746191682258278,12.543675271231566,26.416765865616593,9.588893623246316,21.52114256280162,31.142733754859872,12.056782049215869,14.602213622383367,18.597908190525846,14.979146075302804,8.696019413603205,18.411377848836164,11.626177717643369,20.841554583811092,12.483454594597182,27.299606430105236,13.300480245982577,16.067630902765945,22.881103304218016,10.61481410139627,19.364759607624773,25.842856525694568,8.355100592632635,19.107803151193824,19.55929676549054,22.69093723066386,10.578295734731508,10.077260321494341,21.131649393701384,19.781908039399116,0
19.502957102075257,20.07868925698185,13.919851670529056,19.39352218296602,19.758434839792084,13.713891491841792,29.19464706686854,20.842997525470725,10.852179016784108,21.939321651802977,12.151909978636072,22.72250762245471,24.951573474044423,13.075906089889736,23.78025677546593,20.47668556161899,22.93236095996694,29.380757895923683,16.52767130398278,13.477583013855062,12.662913422246861,13.10513829020737,17.537389743515376,20.046911848899864,19.660144795980116,22.96309949421614,18.078011351267442,26.7212044629439,16.412059000572263,34.32101499953772,0
21.754004086590037,12.857054661502303,11.574645011633326,20.89483449145911,16.659223288044895,22.28400296455255,20.839425747441272,17.563026524058763,12.91923769158957,8.910916651884813,15.320910287597874,23.138392765940832,19.284562464781224,10.525567327728071,19.039085555107093,20.31190427837302,12.696855382793203,18.922350635673165,18.349252310676,11.14217821301626,20.1467241620897,21.364707158209406,24.49830745905166,24.322812312209418,9.733983792257453,12.373049760509263,21.09021160325196,21.08271570547325,21.090286117836285,41.11638894392833,0
17.854452553465833,20.677828200902994,19.770008817466014,18.25695625652899,13.423653776798272,18.794846102466337,11.13587392731214,13.815906966299956,12.573182260854482,15.409370696931612,26.573292833367542,5.663674037041259,18.43130095187257,6.936420644051742,12.640340671052833,20.444752984836832,15.321400095477314,9.611276110353469,11.423481453700159,18.39798874467338,11.348166841414317,16.082292947909874,15.227859199519068,11.741998261970915,25.719720446626628,18.169595111590056,4.874287066711965,15.932271573847139,11.69106767615806,19.26216667398112,1
13.244875569403796,17.311581351198605,21.029923673882745,23.194531165020727,10.798221557665341,15.992992584954308,15.150328133034263,14.080024604557728,28.59272544168658,20.42989026576573,10.434696273989728,23.507171682328654,30.732937182075798,24.19479156330688,8.88378020427592,15.09459556280249,25.601466895119735,13.753983206287314,20.66291656887737,22.647804320576018,12.438417170531501,17.6428478636292,1.447604040414437,11.853674151994262,16.48459109164104,10.513300908210903,27.79446782358981,9.419151732236204,15.359733079818096,18.78444346371655,0
22.206366445330577,7.8206892441028035,20.815818760774796,15.051165305097935,10.092456744760245,17.310517371316354,15.995298477867351,11.998915614206027,15.349010424950094,13.0734320156912,15.56758672625624,18.310653372605234,22.93008408072676,8.810922505865754,25.665166873281333,5.239561002387491,14.241074524822084,17.941586032422883,16.404959338675162,11.886502400897031,13.959388748213623,12.534995326705836,12.053176215278942,19.248010485105123,16.785077429825236,11.53545202369673,19.497999377166252,16.536497604383047,19.0643105941948,18.14814420961806,1
10.855024945389639,12.199094799015153,18.736468025616308,18.051851327167324,14.895492030179259,15.58663691654391,21.388324478942124,12.042143055820851,17.735486905850188,13.98903673783053,13.911593983863899,20.49388425993595,19.12708174494015,19.067548180003193,21.527394035771646,15.105019208163796,18.40976485647482,13.44866621703272,16.62083176244221,14.349284728161576,15.484979824963592,17.97578512718457,10.908896583832638,25.461936378427303,9.96991309250149,8.92905693606134,20.790554367500338,18.95831346981468,18.120599085260775,18.1417275463214,1
14.938766135765427,10.513728142570843,15.379022790968632,11.614191442439441,19.875598667088756,14.264713092489307,10.872514016037442,13.393070791735033,17.06465727137812,12.181377235980126,10.888898022167844,16.218436057459563,16.224832855543614,12.46528412314435,12.644808471908386,16.16024968678818,7.759578292513379,7.962681128117223,11.40777889373782,13.932764241440763,16.554537827990025,22.376781084747762,19.288298116010097,14.200307350182864,14.904918960486556,9.987353176810956,14.90743432003805,13.556706805399308,16.613592801690448,10.863845282238385,1
21.116079085447033,27.196433478015468,17.347439109258854,20.410270332593647,22.140863950266674,15.59267716868498,19.3445548908625,18.07555440469077,18.58605659129299,13.361941296867203,18.147061045553656,20.987989747472696,26.706861646770253,23.75562495651124,30.919094745069337,13.395914622671702,23.23392382032407,19.10005203443011,31.13881759930603,13.150210287869092,12.961668946915344,14.403644127335866,5.256625654141158,14.845469869915433,13.445204030677813,18.902362718857244,20.050535854662954,29.257025035295317,23.702543029116303,14.53857806602558,0
10.50792664325821,17.459595857532527,8.398833964896788,24.15729382927177,20.897200603606436,12.654121739476476,6.434327354545612,21.769361870827062,14.42730077373691,21.189081559867308,7.0278617060281645,12.003124885231136,15.026218498590916,15.234902968823711,12.749672642603782,18.114249661737492,9.661897853087028,14.288102574893532,15.601478158559495,17.572194170293745,18.55807439044445,9.376789540810654,7.329429146321889,21.388384109492545,16.661570059897958,11.257567317217232,22.755759877612615,15.578373171464293,20.896485920319133,15.337592407050545,1
25.303739624409936,23.77670421221602,13.755179257604633,19.85785475477178,18.226879747925736,21.843157787661745,10.175382697099478,18.430257299992196,20.29212243424794,6.206302567884428,9.083707436671125,4.803839111199498,13.652965827777212,18.58771127897981,22.51178526048014,15.370473902098876,23.143077727856458,8.099492708925542,6.483087803224226,14.722261505516906,16.920327244696537,14.836526259529535,4.662789499800617,14.554399802436057,8.477652497475734,18.348362744150194,16.83299123048424,10.300601068363225,12.430665413316532,9.703932390555241,1
17.62392541636097,23.73085392300743,12.085643721986736,21.024279093107065,14.818454289765354,13.242763006425934,17.357817840272652,11.788546065483754,14.678104167916906,10.812732644466909,29.788350797498335,18.211581311830372,13.801646952044486,19.28387946440533,17.326031701855023,16.67418240280066,21.68500020026055,22.54504626028383,14.816993114336835,14.54509055613192,16.349689817090134,4.18847301158649,8.908853626808687,26.201245604667147,27.8698062810077,16.50578376266173,21.459341778334597,19.86750092726122,36.473284850731424,24.71744946860746,0
14.360412042596167,10.222297796997871,6.967768398712138,16.017318179336115,11.218246273578483,7.888731452011629,11.767135578787368,9.592259981928025,23.435708175362823,19.408198784747253,14.960136793416913,22.39972069445013,15.386841538238091,10.693578993358681,22.615620386348287,17.694550218423295,9.813769228367718,14.048306609581958,10.621908733076214,8.08600134517832,19.630887737658206,24.547083202350652,8.007162130904295,17.814846183452854,11.746787154390866,12.56437308117652,12.038030378805654,10.68004615160092,15.242608139724135,10.84524941794481,1
16.352284128899193,14.748809452754315,13.805259765667952,10.462181689792011,12.116143347158337,18.77695612912878,17.504585938121902,10.112223776007244,15.496661527146129,18.756935616858947,6.652973594393142,17.716800961899676,11.686881205270767,17.852993342965796,11.183704217287415,5.975589496677404,6.862287810584187,15.24042473330691,16.29861250860741,10.478416874477958,18.19296229388687,6.6923996886552,14.669601006763417,8.944919001187717,11.740819460989204,15.23699335658207,10.697933173580239,13.077222278850874,20.0314640460722,12.115540652384256,1
23.014152672390853,11.221758872054291,21.178825067491694,26.649411723947402,3.170132999236263,13.218628467177139,21.46243276308324,16.781727683742044,20.22687524022785,14.376088879705076,18.5195387248374,17.06593658764752,25.00669236995884,19.526525059807277,20.025615972451213,15.528738203265194,15.07436265556504,15.404650873082273,20.366712854269778,15.474093115078421,19.738649141378477,30.45240479187263,23.226748220590157,16.04385880699295,25.207283532983666,15.551547761870692,5.771252788932877,11.951482134495576,6.775248473844866,15.890919095752148,0
18.110510275137308,28.058623873651698,19.961564242584974,16.685396827146814,22.976433487100937,4.733188145952689,19.413687348651393,22.625191163321798,9.12848252532095,24.862524259241574,20.030978444966486,15.508272516595191,21.79669119663771,31.624157146826374,19.09119753035097,19.489323517802013,15.243834602758534,12.900933783211249,22.982014899265472,12.863497044546795,18.429397423316356,15.134055319409299,20.873878954478354,20.00197263172169,24.225239665547395,14.939901606871516,16.380750388239772,12.127417705306156,15.33424043954333,20.263802958269114,0
18.78494308322676,10.389173379111874,19.3480296005283,21.778189294024756,17.067174516118506,24.38397906279033,11.131054004482134,8.776726483442914,6.106398755478606,22.480221557445915,18.27182828177029,14.722076645447725,16.399843131599102,9.372554763508116,27.22875989808413,15.646105909876137,15.546973973024464,18.62883311949346,17.405046158683568,16.119420121395656,11.047627722773441,17.357341785679978,24.41012248237517,21.727100230774887,22.965933133196984,12.443921617844074,10.051975898707095,14.37106539950176,15.278624561443474,20.470957592354743,1
7.845212221711083,27.177301916763685,17.051952608526065,15.43871358031548,11.927373748438994,8.070859968805385,22.939023503771487,18.43990780313042,10.260234601553677,10.229527367618303,15.98529180425923,28.014129151736356,16.44245189181837,8.981142281291364,16.525541615484332,16.363658581513977,1.8186801423505705,17.674230800893124,16.61439281874793,22.17723818888051,29.093736569672068,24.75939017728654,16.386667856671018,11.360844547549979,33.44015881949916,18.355310604086927,18.083575751477678,17.85524947733998,19.18850856460713,17.133837528456343,0
14.558027958718581,14.718846352557646,17.80348037870401,14.739451373197411,13.722925303937012,18.63858136615138,16.470136695474867,27.02395793149613,2.094181149641929,24.54904111153477,25.476511154985772,5.559658605551103,15.943874435517907,15.77135480402525,9.554929831693071,13.333099874454748,11.336544927205027,28.51362266054174,23.614070358884764,25.629330569964953,22.330032384259408,11.225689372696625,14.852878402321357,20.93624736736751,10.667233146648327,22.277990581034327,16.55804761105119,15.751075154702415,22.265759809220945,20.66557986891624,0
15.83420300508552,24.95597882018549,11.513620034400615,21.69561364166558,21.5586075478103,16.142721364116056,19.956798133452708,10.493318541688181,23.544162115241406,16.890587181342063,14.863661876885763,24.29405535502133,13.773937856743446,9.549232221818642,8.660224958856578,21.636059708073834,10.317423885022302,28.528765091906184,5.508423552697668,28.178738209740228,19.266104803215708,17.419721328777644,14.730485479146303,20.394816686112424,17.77419178545091,24.619811292099126,18.685365891972236,18.901810568771264,15.818326726716863,17.658326257673597,0
16.539008844460295,6.449158036716872,8.259072889471435,18.716320470113576,15.85432719063971,14.080083318236603,15.092169665326965,16.737908526808354,12.301201598453193,11.108476372988436,15.979226275488408,10.10813611192484,17.041263778572358,6.487081978810798,20.14577818662822,17.362987412065216,16.28014867156938,19.91345491972757,23.32737222231288,20.07185032509065,5.795628843341774,8.602115166321493,11.875907111521606,15.130455251054169,17.588295102345615,11.371280934232672,15.933833822385392,11.223085338233387,11.942410985040258,7.966694515758888,1
10.383833769445479,8.241576971918331,10.120633735113337,20.268208983039198,10.253005555840286,28.161910324186955,17.466589504404446,15.92418061847437,10.708211099093933,18.501549397044958,12.121810868811131,15.610049073226808,27.800422691343975,14.51970050137675,20.74636663142838,11.484117874370563,14.825057547515192,23.85400317817755,11.865164711061162,24.062242789984644,18.538759677277376,12.187666120528661,18.162038695277605,19.86277224813365,18.10904981108598,7.148876400547718,11.364314120875658,13.762406822242475,14.627832854499768,18.103360487753392,1
19.066206005599522,9.987933847739393,20.28118710603578,21.663514471702936,21.35874268758624,24.48468435332773,23.003532927293424,20.75508047537062,17.579005731248117,8.034234398904053,20.577709314795513,19.24612612297867,19.629473023172242,10.339508545078143,11.513660757550426,24.318917119997423,17.762669076860067,22.089004184235744,18.169910256782767,18.17853683697447,23.629702835855984,14.903731630695756,18.5767246616459,15.226348267769744,15.393022635406107,16.144967259188164,19.332802629802277,15.127508270019135,25.534536753441124,12.632356186682978,0
14.065641779193205,12.801344708629125,22.234889421768663,15.982773882557874,20.159222697343175,7.572198134815141,16.335251329346296,19.448153978117183,15.411419946377121,20.327401875326757,12.413557749498139,22.0467372009279,26.49449061809625,13.185807197801704,12.77248739299614,22.266922385588504,22.897860728653562,12.385699864233658,12.899065914520714,13.591076955697464,8.277747444828615,10.406740267579009,9.97929616623966,11.161012174479357,14.826575563066093,16.171073662682602,22.752502464070385,10.008229796306045,19.921611992382918,13.930055778872456,1
17.703217742085403,22.048916952999623,11.26366787062621,20.294458477104303,18.998713249278335,20.954707584048894,19.735011863446907,32.731800839465365,14.173560094492103,14.814018269989093,14.261156841451413,14.667137285038471,14.175677236160894,25.13409918664531,26.52302548793913,14.575522237503144,13.005866561374628,20.828493338318424,14.686661734314171,21.797590906533063,19.217538125107797,8.905535310016608,27.285031207980367,28.775266038573132,14.323267857093683,15.673790640384095,19.71519234434943,20.006740739922147,21.951265636036982,30.061227232598096,0
16.938316635035704,13.210216532769278,9.724084631912838,13.614419760348486,17.801238162757215,28.76734718110673,14.89433220578297,19.34272770983339,17.901462623563486,25.1303596406885,33.16159455524173,14.814787362478075,15.063363344890668,24.26496526241443,22.091348937757868,29.080243954416204,21.50356911195578,15.844247455277642,21.543928984153855,24.652221483497446,22.922893087184185,21.043644186643785,24.40004813753492,25.015773542674033,26.292953946225165,21.892259325537857,16.997291518098873,18.880282118599936,25.23905379905014,13.098385974076583,0
20.212039853237407,15.639967126035836,18.172468937608905,25.670711175643792,19.14659440811942,18.27861928893689,9.840863154120484,22.477521396163326,21.87290508684645,30.97952833983276,16.153330590281996,19.314901965983633,19.49630210226453,27.46471967858085,17.428226805678285,19.674129154622037,21.647379058299236,19.11965473893815,15.32139831269683,19.164539957389845,24.441790499158632,11.840908203533639,18.797818044881254,13.79927511036496,25.170279773549055,8.86087857129735,14.646468916370468,20.263271250387124,27.393144175406043,17.605498433562072,0
14.66880283984081,29.28694241664354,9.311916597502535,4.807164260279509,20.640086700319994,14.987674653884332,11.872603097215721,22.250138683796116,19.462804282627193,14.615528215579628,10.318173607974634,23.234743969680867,21.901207067751965,17.404944817323702,29.07982197628599,11.579491402043084,8.846848974451566,13.848551580712533,17.726483901867013,19.46003669593615,16.55258365286202,20.112332379085778,10.490763454857337,26.662587624439556,17.50709292964459,24.703774989528764,20.056352078266226,20.7405193149227,21.418603681393222,20.68625136010389,0
21.85633655920526,25.974915180794586,19.17912701820882,22.254022545531072,17.46158583427664,26.640703292696838,13.94164618764438,28.805642597464892,17.75905229613394,9.41534938729171,18.768626489464733,13.913690055150713,23.043861293932345,14.084256124185655,15.322899400711322,6.662755614326815,15.28616208450554,3.4567240402262605,8.49658305908566,22.562487936865782,22.714800951904994,20.552745370709786,12.19814314122472,17.71373186314812,17.97838476545659,11.049811864844743,27.0203898106029,23.264173743454027,16.674214957022016,18.161315033967185,0
16.04191403973776,4.791325657878547,13.764113087397016,11.590078760011007,9.991899950525422,13.594498535570226,23.988432634247612,18.20421430633505,12.144105051086015,17.862913906780793,21.99677718293001,19.623168414563843,15.29815184960087,11.765316111472131,18.491116568067948,16.967426927108747,19.475966100138663,18.175859008409848,20.247763576596675,12.32382394219716,21.586970328171628,15.987998023461998,25.376304363126327,11.55406090955216,23.679819015826247,15.98955391731324,11.742909981927758,12.580570829728392,13.3982634590284,17.120829732009582,1
17.6141774401775,12.131499980307105,14.878227038695085,25.71135179305932,23.637715850503557,17.18161834837016,15.190017390841001,15.600156633591306,18.06758986365208,9.886037174007972,13.713117312883274,6.657079630612053,16.996115613026397,18.235979698513706,12.58406768850313,22.869933816450164,8.871171684988294,7.678125598950899,16.12225909279986,20.235491513060772,23.419638457289345,12.7055786856553,20.39340416715648,14.807457652496463,14.136863500295902,19.41829968743336,18.2616143920671,7.118039215078753,22.38270174862948,21.900456770737257,1
11.872186492452354,16.979017667187044,17.470150931413695,16.303368829119535,12.2484742307729,11.641883160309742,14.872229645042774,20.86364509629682,17.71800077297216,13.14692833956947,18.858493553241722,0.7572868968496227,20.743828501860516,6.3014311061095025,13.187795292984339,9.40165052686928,8.526592621395471,20.804133936892597,12.661493993440544,16.73251940865358,14.76539710560408,17.385204136115608,15.384109455301276,8.585038879057151,19.9813340972357,12.531217084193438,7.217090506701245,12.859424195170437,22.503798953171554,19.251108710567465,1
13.256739327960704,13.253711478407856,13.391824743913087,25.383739917804206,16.909677261157768,17.150208235955347,20.15141727015921,16.193945795132567,13.704789270896484,14.018250754575108,14.64199370292968,14.813888817450792,18.6381477181849,15.259729429036497,18.663200386077897,14.596417099457089,15.393175951580453,5.008996577339461,19.58163837351241,16.732442379489964,19.99005054929826,0.5187231090315532,25.441873523903638,14.30205185922413,20.540914083687582,9.800470364372345,18.06386952531285,9.73292218413172,11.881155196520975,24.57015676933393,1
16.85590559541992,19.304597239078337,23.220406384132524,20.974091327835627,18.902513430861458,20.18976601479735,32.42049351142965,17.654287217798487,19.206594280289803,24.303926376045673,24.633155597747905,25.12218183336228,21.832381332175107,11.141970523617099,27.800589193806573,11.121927641887872,19.815812791434197,13.474344899883853,17.615169920442042,19.97257446182088,19.928143292701638,20.531524525411708,27.682267614351883,20.72120580908388,16.535060188256107,23.78452300973014,25.136822933547844,10.634353109178045,21.584400419099147,22.20703645386539,0
16.214618979840047,26.254240879869716,17.09966647780484,18.75345872082925,16.96156905429678,18.093474285488806,11.422349478628789,9.359694704434235,27.56703037934983,12.918231910090034,12.051645903262157,5.079659318377711,14.166229513862985,10.06146123955501,27.852090960818213,24.058902536055804,13.871097928933656,31.514614832065853,23.890592921949565,16.051011698948265,3.0035657107585614,31.74565543554445,9.662565199418424,8.127607518258648,24.135422592057843,32.638514438035635,26.305636911063107,21.383454720314155,21.568526049991718,23.120493352681844,0
18.794642948933827,16.405957119846878,15.521005519759381,14.687034360502388,11.23017705566662,13.59662461566613,6.535215929023073,14.508301866026251,10.057044464245413,9.482053413921145,15.899470755767393,21.960011431722997,19.591583030011563,7.147496981884115,10.051859317148313,19.70385593994108,10.087563032308452,13.876834250014877,17.75026049512276,10.158277725681824,15.526877530729799,8.329872525408977,11.99316178024393,16.598909670712686,7.035031332341654,17.202373689801995,14.901811005366595,17.762449772085738,16.119570670323306,21.82070214986922,1
15.626122513239537,12.852972294373735,15.61148751516142,17.71649014518194,15.244300351628521,15.202958456019411,11.490041560966223,11.68549541224526,7.986973641001533,23.747883715934698,8.780683823043574,11.535474011020463,11.407963672154013,19.474621884722207,13.525251608539861,21.238710363368668,11.632546878780659,16.39497081111901,10.823264733701214,25.72574563886694,9.062007904852436,16.549103551135136,18.168884404660492,17.068995487257492,14.073561705611459,14.350896501332869,15.219057359895547,14.264989991857558,19.819395583974547,26.052615007956756,1
14.655049289952998,9.781182122525534,17.47030770989247,33.47825602592591,13.177952592181615,27.834700832664407,28.066204884458646,14.678470549752031,21.413898475111655,27.770379738771226,15.725233554075075,16.77851783938583,14.509914516308136,11.9114596158428,14.104334729603957,10.65635839942646,18.204500809555356,13.380160613648147,19.402715470744486,8.664626122778236,19.985281393286744,23.001173769653548,6.037586144571267,20.24433941908543,25.36601395483975,10.742153887852767,28.03543432102622,20.514114056196274,13.769928865449547,17.66538553405376,0
21.349961475130332,18.45603234847447,21.232535954678216,12.475958441523803,19.016164944216467,9.517713018570118,17.332643631907796,12.57655415121126,13.5868203444614,25.416559051262627,24.547860723565613,21.65482872544306,11.446123411964527,16.101549301831188,25.2785861998751,18.850301481839427,31.915977239890168,20.35990703636623,19.15229469894019,16.14530121478499,18.801245428693694,17.085180981716736,22.24865206013154,23.740213900767504,13.284063236952301,10.01260227865333,6.982767761380221,21.04794796147526,11.37980036295676,5.082656442285103,0
20.331471627185785,32.95799710459674,17.96357453076064,23.03094464670985,18.49097615128539,17.406662080853145,23.514458897926612,16.25835273486809,19.604353884431415,19.93018683717608,13.991457278141706,23.952254097219136,16.95024145982755,13.465529043042931,21.21905906142242,12.609192109253776,18.16908694421477,17.94528602013478,24.515373394989467,20.848189397279715,17.849838247529135,22.906597795201723,26.341245294103878,21.346861838111174,18.062115719060284,10.128982605899042,11.609318021547764,16.168651773871993,14.3429267870443,16.878172182087322,0
15.283249624485535,17.648463771783653,14.647506109704544,17.43250821913101,15.322372074050602,5.1226671682306435,10.303323030906228,14.279562221391922,8.951526285794461,17.999643649981024,22.65375416171849,21.093809258486584,13.932785645348961,22.45363068424976,15.743337286010558,13.314570144409803,11.9329866822953,13.487651567559357,13.059115907293856,15.852081111877439,15.802869905249324,15.015230100767072,17.184690848731748,20.953231373931708,19.747770677206617,7.575510157750482,2.2303943254902254,19.67159955619637,8.165606507922895,13.876172990536583,1
10.979321843643843,7.188117374519881,21.24877636922873,22.55493096181588,14.540937595639683,2.4537462471305416,14.722533310485103,20.35082403241528,9.126530587355228,19.100159518674932,17.908140904962025,21.47574899760653,18.717482210484917,12.161586354710666,25.179429009986947,17.04882256183818,17.836172762940407,12.400392245560823,15.340306492850939,12.691183715838593,16.962323640459463,28.270250880854057,9.768593142411861,8.318631612739553,26.82702196496165,16.7440579370888,13.9855635680405,24.239428124376456,14.366306761578814,28.956058281281617,0
22.067555228035616,15.072531551125785,30.943849279593017,14.365710461979969,22.45257223205584,19.79575548243895,25.81044773639279,27.369067180361114,18.1920248943946,13.4794927779229,20.7598328576347,13.933707781487362,30.080323485159738,18.819211986496423,15.808070692127348,19.10808183518945,9.91724226282182,12.170315768936092,25.202483447666555,14.058634326171624,11.718534103908361,21.219916515163714,25.114224927977983,22.313719863990404,23.9762861148349,13.459229468583235,9.469135999548937,27.008001911732922,16.063920966947183,16.495001901269717,0
21.640970709245288,17.7811500470033,17.27943886040804,25.82501172450542,11.782408848099285,19.639200640406187,15.285065624485423,16.342961394316283,22.64234213206266,17.53917878144812,17.691480395248163,20.36253668654901,13.175236352285573,10.803951663304968,9.775954029894832,5.1682170531199905,25.28103564970161,9.483958171391585,13.89373188207114,13.615933500555396,16.537033489045506,19.078686062696484,19.302367441798726,12.084612807155308,14.164391431067942,16.412899752441497,13.756544369082265,23.036727880099964,17.454874758191256,18.674388930249087,1
18.314406343337062,20.867369287426627,15.905107793518535,8.515840260220767,16.998439758763208,11.743215531040855,12.356916591251217,17.931820093775467,21.19141535716818,15.106357883680309,16.544165062994818,23.51107472317619,16.203765897442842,28.008415570901974,17.82754822815772,6.196186204220911,18.766708105522664,16.90579192441389,21.448763770413727,18.36590675634979,14.30772008008113,8.878508818553172,13.954883713569874,10.7473977289535,12.097382750976386,17.94289202210305,23.34952252175703,16.973357649114906,9.020584689824078,17.223013341100703,1
20.983157433228257,11.951085478403089,14.329914166635412,15.073440973645985,11.0755084345888,18.241402169219295,14.395259256961092,17.097662219535138,10.5625391109895,12.812708498382948,18.611906789138857,13.135834239541165,23.634819256167027,13.001819071926988,16.12342362875943,19.662954159365448,7.908171335334842,6.19595594009612,7.371718427149526,21.31292051713591,12.240709270537767,27.79099642834126,12.178762006713058,15.922756515985185,22.710549762839378,25.030464440795615,25.307517883181987,21.041831152965713,20.120312629057313,17.962634746005914,1
22.670166456999826,14.692885702028798,13.090806699466158,17.979753255534288,16.97889226485043,15.280631704036349,22.178324684740293,23.731831251423063,18.530441317751084,26.86518048633157,11.14986531519897,16.83804324432169,13.69906607638317,6.80078029756164,17.503915884943805,17.269514949700298,27.080698459452787,21.78487010732866,11.854879054024769,29.12455539800513,25.32620217315212,21.492586220811695,16.641095406901005,12.243364579659122,15.766759343573682,24.532491718225113,29.30751783560765,27.259461169633134,15.066903469282353,11.282295400265932,0
18.845317481467223,7.389363806622891,19.939006285108686,17.114384482207985,15.203780988790545,8.431781596399226,21.081600639418298,14.803794962028531,10.98049898573827,0.7664267203101041,17.83491056969618,28.633509580018465,27.96755528728722,15.257422460482369,14.386727637829315,20.81264553645014,12.009687364870251,19.810751398916796,22.59648167030814,25.361599343305844,17.399075541120283,16.777957498938203,12.732104479460633,13.03871787576084,16.641126648590838,20.204193040897067,23.481507757399495,13.18092629591793,26.95613141375713,16.37325839374459,0
14.89316352825782,11.263941604260882,2.8787986986352916,19.42022698180525,18.684219485462165,13.593362214408932,15.33495358612436,17.579696088520496,7.187270715567287,12.354736613268527,18.971323398109135,8.728552884153753,16.467789660833148,8.217090976882975,17.332149912167633,14.821792588512583,6.924340920472453,20.823696772285857,11.327042116009753,10.948737814928094,16.002845986154714,20.743186747143575,9.920890905108015,15.308399249239859,17.144082501652864,18.46552803631572,15.882207776386126,13.164860804583387,10.862048896756402,15.430719415231874,1
11.567165928086359,0.47189709903235694,20.619358824946005,23.42360904651717,3.82240538674897,11.941615771740373,21.714925566031184,30.34497281827019,18.124762246052445,13.631982352625192,16.902621353370957,26.249258514889107,14.124214925252788,13.204847960098478,15.103538866907805,12.280028350447724,18.736021895968772,27.748070750817362,19.938475638696175,16.485878987242273,16.249132386506734,8.620855147820057,23.298658662882954,17.53297681792319,16.917120518456244,37.158645407069166,19.792517450194115,13.489253699428895,15.441854422766738,24.890674255180528,0
18.679622463226586,9.370332130095798,23.51537360745122,13.991135486766035,29.23978665730527,24.480288394287893,15.316068626047493,25.686098170410677,18.40713306316442,23.116642050733315,20.90839690376685,12.921860070054759,14.138701006095227,24.179764905486966,15.991348007360754,15.578109220548018,12.269264523903882,20.541594393560768,30.375149515458872,11.594802514474361,18.14531674003655,26.473323332492573,17.522151652525707,20.7142307774984,11.625638831118723,20.56984258324589,16.877134409972708,23.914379974079175,25.124316309388504,33.53738185211168,0
21.477799039281454,19.954777899493,19.166305809464017,15.88100224313587,20.030903060770147,16.227591539165825,19.010765857617685,25.905585213647758,11.960744608322152,24.83927136677427,25.902690404039195,17.291588838053524,5.2688706059484325,14.353068077433406,25.781967279366654,17.862791626206707,12.004186606230535,14.971350472630695,23.043720159027316,21.280401409208277,16.56640740498183,15.799053529111873,15.649451105737068,12.465538893008985,27.69225413681665,16.06607718473196,25.30295112495298,27.12789631153471,23.98986538888776,15.41027812369171,0
17.018650451683047,14.87902196804542,10.48149069634936,16.621796408608017,9.104801044200988,20.93839694230782,12.676913513508035,16.005798279364196,16.41643935773071,13.705475131479613,17.933469007376374,12.625481716887379,19.35648648728622,8.270101598766257,15.63189789773206,24.694644995291423,9.998343376972127,11.611275147375743,17.569539248294575,15.897908909697989,16.753150496367795,17.445935650738317,18.17360734280885,20.548499209781117,17.049093284642563,13.793711726907288,18.362868506013655,24.499409674476077,14.336831268087133,10.127353476646793,1
20.53540334643486,14.39809418023201,4.136652269929819,19.23710838575211,12.323359070230387,14.547333588479196,16.659901652845072,15.952498398895331,18.5472590856952,12.822568147150783,17.565528990880413,13.702266612080415,18.694052404437514,18.076837420065267,10.322806489777022,20.42991058087516,12.32018277442976,19.040288991405724,16.836436567006704,24.190918383975614,13.882670088140738,13.253416019409013,14.902901970561336,13.484101085828623,18.99970950971025,6.918446957817061,9.73158790426823,9.660985392104035,19.75153795986788,23.553066862909624,1
17.37330468877517,16.987069660859934,18.42031297867909,24.971269815649144,12.435881194856554,19.43021389640871,23.85118577869458,21.00656501963907,19.13748969959246,24.006276555402845,1.780606242004577,22.067251917185448,14.075545901235458,7.016202618861259,21.067215597149886,26.241951270977747,17.17530891223385,23.71724728321763,27.673669547931873,25.889486721504287,27.83978717622836,22.45276494643135,18.452601833409556,8.38820512861699,16.523625071220305,12.94052042810285,31.02565630498688,16.94468512540598,18.739228840706915,21.308912256242806,0
18.26161467823472,28.170306242584516,14.264103829593287,19.167644731423454,13.54517648581171,10.079864932675765,14.329385454568287,17.777779217709526,15.424186652896438,13.845474120756863,9.562095217968997,17.50136656422783,8.971677755813985,22.560335782137614,18.49463851760702,9.254691003210416,16.144745537700818,13.487061566456502,19.915047062515082,26.042702676138866,6.748965182125533,18.690156474884503,17.039203226600158,22.028040458702794,19.279179769426136,13.488184009567087,16.08567638600029,13.223844859179067,24.45604283159159,18.12786989203165,0
29.407144114518047,17.636035117112275,13.749559398537224,8.917713644323037,7.18116194246433,8.495184341967061,19.6027599060689,21.0523501393796,8.512855787807199,23.37022988445669,15.101633689899362,18.880758071913295,27.673323769532548,23.38103589519319,16.388816112565006,12.652846647508275,5.08910759202417,13.685080084545477,16.733218567033834,12.076922837092896,17.21245819744617,18.46111129775261,16.650864109151527,14.099984515059242,19.011928031800366,20.651643897416452,11.457605535342923,26.46559427847762,17.40847120629443,18.113097737669083,0
22.24928653953934,19.399296787581008,23.718819803479466,19.722744991210945,14.325375752157372,20.16902115123661,11.137642756076028,18.65135823465914,17.800620056133234,16.751298856364762,17.228774931366416,6.708905727014165,14.707650553554231,18.557069406846686,18.959138351984404,11.83394915444425,25.594247045188204,12.802950910712996,23.81674320316042,20.563166171230108,14.12263614093718,28.651865355657073,10.83817900946112,23.514925041660007,24.00349390825787,13.97627874554013,26.35479180038597,16.499720912406282,19.732161775679142,19.56193103262732,0
14.32845629264726,19.05404136579891,18.967443602761065,6.257340133809096,21.521701214390763,6.687540059821629,20.162731021708286,20.633525684137915,9.54516784892401,12.945928560227076,9.47147665757032,13.925394848556323,13.459828579071294,18.898302661346698,21.55154373059804,21.97841905394978,12.18915986710849,13.95389063127736,6.582809038895249,10.970649667519055,19.824258165487286,23.07791411774116,8.82825564060039,12.037678704235528,14.867971215205365,16.400805794098034,10.95198240039177,17.120305222320447,12.630803264645419,14.927738645608605,1
17.7314212400185,15.03211134905469,12.818070547367157,14.451950980370846,14.558185203973323,13.149944850589362,13.706019686664488,22.993235852523583,17.804597239706194,13.522598409854199,18.484772022553678,13.33090255121995,20.865623187933206,16.84821096099047,14.463489279978855,17.238584629051388,7.145619239657504,9.366162655450974,9.030374968004722,15.714715473818533,23.66257499742546,26.15650073096316,18.190255507203787,17.504222374722286,5.994711329236305,12.28663100132989,11.061081240458805,11.89576200874442,14.159280907076052,12.639547111514364,1
6.124201137745273,22.4874615367052,11.56354184556116,19.435481184666894,30.44449601849984,12.48369245048146,2.818274863522022,16.283974668719335,24.605757809991427,29.75008472532356,10.622702433285498,20.98019533941913,15.20813725931968,17.364309874175184,33.86606008210221,8.98217802962908,19.52243796896744,20.8061590305926,24.514717949636083,18.58789892082537,19.848303237024613,15.650108595469254,19.61476164747064,15.940846347015537,21.729431339136305,15.782337983738195,20.26260236341312,17.82442311789013,24.756301504633008,17.69163765846908,0
7.3618051907587105,25.57152900428395,12.565606194824285,14.07740196810708,14.426032235739045,26.246628559024902,5.185954716127826,36.82649120195996,24.33634085439631,19.339433484774958,17.67063599630228,19.713324449145944,21.12673457027603,21.87129351570034,21.333626796020692,18.537484087531492,16.815969478156042,17.09236029807893,16.83055031788391,24.802620581202387,21.56134033368517,0.357668192014318,21.935404659178563,19.168417168312647,17.887747461324615,15.668889281466685,24.744676319916078,23.685158772737143,13.362733993058345,20.442313722747212,0
10.141716327293569,8.101909176055347,11.866413877050174,19.311967361913794,19.765625226880434,17.565427100486467,18.625478934239986,17.58089143557479,11.792592023885238,17.159612723369705,19.002047626138413,18.771456649067872,20.944566857373214,18.541519236005318,16.757241037707914,20.350751191582138,14.867393703754699,10.59062674386141,14.184665180281181,11.275486775967755,11.624108625128091,14.277406646422412,11.037900395000193,13.460192351804798,5.531926665231072,16.066468536864694,15.00602737681112,10.914556844659046,18.296228342162024,19.68785068813279,1
8.354640813786155,13.423651328602714,13.38514590127621,12.360581393346813,22.97684905159049,16.83704316736318,16.412910952136336,5.976825813559479,21.812508181255357,10.564449630879166,18.359595781597967,19.66426162774915,26.163951575031906,10.147077605285327,0.11707293492495197,19.10309726852217,28.80306708906512,25.433678117636624,19.257956491647754,15.050182886207715,22.842735579823863,12.158722801773187,20.858146616137315,21.03282095499976,24.36125944499328,34.55796023346647,20.354495803072602,14.946218245755007,17.846554126848034,7.385544570665291,0
11.526434344554708,12.953587809434481,12.379558010327038,15.76177436016861,10.887900338088997,20.605153336622358,15.001035324590985,14.953498394306928,13.36052641743541,15.775953419294895,19.125491323338174,10.664348921445498,11.709417554623716,13.481369856116677,8.270645382633926,10.903710701392512,12.618895632276704,19.37194590356364,16.312806645009626,15.967949556837722,19.25448981083986,14.313141058003017,16.952324249644448,14.483891235337518,16.326811746998143,12.08620671194209,2.805914208617855,14.328604189068479,22.113740680499703,19.631077011207964,1
23.79238490754702,25.416784330837306,18.531945545768625,19.18389424443357,14.294088627393899,16.1035628638377,21.69462689862685,25.2233066230129,17.163322345914,15.29886441089153,18.003167753139582,21.60724049357469,9.336871103198748,4.222914281176571,14.696778903050498,10.675725444515047,14.951158814116134,17.11331808709517,15.280509545861918,26.714805206824472,19.96046858761392,19.80284615766497,21.73324286426041,11.167001293315383,24.23467072452161,17.54541428078724,22.022883703447274,11.568856601759066,8.677447403903614,22.90733794815017,0
16.882047630487584,10.489742228212448,10.651684593626527,20.627173922073847,9.05294053566336,23.213364766279817,10.496896326760655,18.191959628041914,13.356907621255077,18.015937155411716,12.279429989429037,14.18603546963853,15.204595876978606,9.989062721092637,18.704121727100627,12.433932167642073,13.857000423299906,10.028253126957438,2.1883317060234475,14.044861186999155,27.06307710806458,18.92302143949012,14.903698101328027,13.685545853958661,15.112329464060231,17.73559557587605,9.095935923455777,20.571608473344362,18.57690657720622,18.59092862853967,1
20.63085443285836,18.11769994616394,22.03716741580092,21.550884802448266,15.875755734353856,14.558389362618593,18.61113777157192,27.294120908971127,10.565357546076594,9.19484840548536,18.988565047419097,18.30532621113611,19.04004998622245,19.463719187451,16.66078647219117,26.939180631612494,8.394576129140905,13.029017851318523,17.380471439105715,8.140867133074995,16.944873573407573,27.968820994368105,18.12531892977577,19.384205434312097,10.439011408964518,14.301831551763136,15.748821718056377,16.093709419462595,25.68986277002261,21.346146364350744,0
11.331252258377807,19.47902867059203,20.98933049098071,24.8408942311276,27.48324411941024,11.909434849032788,13.134854932737971,10.454532846512302,16.59588084535811,20.798150246678006,23.92400709953461,17.54429385814486,16.080914860470937,18.91054795349244,12.989142590219862,30.53723233016864,8.354033837291647,19.108443473374347,30.141637315377835,18.040799067359988,16.859765789991034,15.855327463137435,16.917649909425553,26.237090848059182,4.728828532022959,27.20060220777795,9.45625708529913,16.40008602459351,15.424533478208028,21.53131961862432,0
7.009378240581262,17.310863330409713,25.121548116434262,8.184129977035948,15.948530838051978,11.690089111016954,17.12943603096518,15.09573888707876,11.792565454778451,17.43936142435537,24.021740548933714,14.045481041363507,18.59878971074091,8.533635210644182,10.217818115909957,17.362031389401885,22.420580142679825,16.7780667439283,13.434709847384228,14.99645702711677,8.747961330151412,18.022576631776833,19.411665311617046,12.739548335834598,12.649789261202493,16.329391148260243,12.816401319797023,14.669336926870887,25.49860894583258,13.764871496270016,1
13.20829923989389,11.762290971824203,18.720959857499682,14.093879133909486,11.75313480839287,21.60652016136506,22.098015022568184,11.997882171306475,5.6673002431969195,20.03756844918461,11.57685087119998,18.953127995813844,5.149480911440822,19.462986691496546,8.944140353596094,18.653820595332622,15.07136533918217,10.230302903016776,12.964818435366098,18.431592284783505,15.529472265576171,17.922064902362422,24.882202922577427,7.178791941444743,23.08606287484312,15.521779687616064,10.50607975838436,8.348431871305051,14.054398046114832,19.6082505596223,1
17.234705277734793,27.066929581484086,9.292945859690645,17.927466312923674,10.485639333521284,20.181791295749807,23.3213243405838,15.47542923791368,2.3747168602371955,19.193688880778968,20.620431310401056,20.425768529770185,25.414693150932923,11.573677922105707,22.081296632702696,25.15504507486785,7.3284744959609,19.917910955513864,14.97492101395397,17.510863961390125,20.086058901230018,15.076628615318686,13.945751525030328,18.204914504928148,11.476524366823183,11.485049226688888,22.076239697739016,11.107235789048064,21.99787500545527,20.775547757123707,0
7.64515962725642,13.93461208598607,25.16465641828423,12.11300681316191,15.213574426143673,20.772365359511376,22.700343055695573,16.490766683733025,14.414938831850149,26.534219170191044,28.433397982785475,23.873148304690773,18.511908855390143,13.150405670154441,13.017333560660607,21.135084631594545,20.510389325332103,26.409591557678574,21.902700555216835,8.981518189441092,24.31168570633751,12.011636236113523,15.69617236828589,19.501201237510166,29.974004938703786,36.65951133603217,21.640338354817096,16.90082028767767,21.207033890883302,23.325932555243014,0
13.396661872214041,23.97605677956161,16.15035379595701,17.48871544545697,18.329621260272308,17.10793305307228,19.19470250234806,11.913734067265384,12.208491230269846,9.499228835141526,17.19750615310113,18.89468251756057,17.28886433075943,23.372462166737687,14.972019905854767,18.343708277962563,9.54149561930343,13.064501487627995,18.47768878782889,19.245510553715718,13.53016526167909,14.642003740709665,7.410631266595953,13.214853995966953,19.45191581759893,17.87602508053283,17.50332860690605,15.2488684359048,15.035315793140882,11.698394302632764,1
18.494142101012674,17.10486472194695,17.460094239963997,12.369825786662098,4.233285400643778,20.48576355876848,12.60581271995798,10.686121179784397,18.467394559569968,13.039936800404352,20.29968192023311,18.08502974788349,18.417846616002386,8.170221443997328,21.059719926932004,16.30625265616928,13.153614303768984,15.716942336711256,6.118823835508401,17.043264057403356,9.853142459089643,8.236648570782329,7.388204068910545,20.563441874949625,11.853683031536058,22.668638549582496,12.32099268473851,6.463210212035266,9.417377800256705,21.179058100034695,1
17.064610932379995,14.710276221056395,18.960109355116725,21.01069641700527,24.704392895414767,26.690995379357556,15.841388125265484,10.04371388350777,15.519209033260342,19.561683039497314,12.217446442736334,12.257094510629742,20.062727289299314,17.70808589057729,18.19678197246952,13.449027991799582,16.617595714765393,12.454601134390172,23.34119046674872,24.211496008342515,6.922872826571438,12.42293483884554,9.020824469459525,14.099856393558612,17.499372181257836,9.302128681808819,12.46884112124812,11.976255767511008,19.24360397639366,18.416066022217503,0
13.66957467997648,19.060925232836386,14.719919492476407,16.37006933804368,28.04071254179122,26.042766310742085,10.202512578434416,22.97839450727505,22.86837932694955,11.11042026748429,22.912665862529163,27.227591510475317,11.264731162533517,12.494983073914419,24.105968801061014,19.628971864953886,21.30885765143714,20.04353529840298,20.34417552556886,10.041167230133501,24.28390623972869,25.017539954566644,16.623655535591833,17.739138301116824,8.813354984665667,21.08552853610701,21.432344650284865,17.626853898004132,24.746120159223015,15.995536614120356,0
17.823029629468003,9.901678306539422,14.88223924562881,14.128228710485821,16.12653961020471,13.152365355833208,14.34263702164166,19.13023585720753,12.816178813808913,6.967114496306603,23.747919521027104,21.907270393452432,8.538686524471906,18.448539026225973,12.485126147243285,16.317436076655298,16.47112064506747,13.82796099841839,11.081171672068017,11.547294738418703,10.419040422593788,10.840888958847776,14.664108549753223,11.421200054446242,18.410260328563098,22.436230776679636,12.099733793149785,16.197022502676884,17.498425551514668,17.360011354596374,1
15.379776339580436,18.713412091798613,17.411244763403285,8.811687888363512,19.345780321946364,19.436454186333712,11.183569479107092,15.18968917723801,18.416644964055347,13.953430902103193,20.364890238830057,26.819362473096803,11.070069836825088,8.094776984231125,16.51909297802438,18.607812525630717,13.845668130776154,22.26630331660517,8.306971001383756,18.464593115158056,11.970695896205534,23.59688953103648,24.96257676584059,11.166717061083261,12.2522143204571,19.29793943489901,13.064346751052426,14.772943910338808,15.12694210271205,5.401634219011719,1
14.930811269528814,11.55136112967913,12.53438588800114,22.21816001734407,8.717465528603718,19.066025933739887,13.605185348340957,13.601199157520828,18.951859480258555,16.70025647284445,17.853064986097657,19.840923302664304,13.343458084083386,11.938816327461248,9.57424736721101,10.872947350105225,29.745472126543625,21.22339790368393,8.244628168959894,8.38771021628215,17.40933030859246,17.736323986889836,17.744419176586824,13.725221032231511,14.3727286999855,16.639397620796785,15.429465031466652,3.903498136262325,13.851001847124031,10.742967828698433,1
15.87605709454256,29.92629501301705,16.83740832737152,13.43235156913801,19.60900750988626,17.413439436046062,17.100472452259208,18.034252966078355,25.282717824147706,9.345557823370422,17.368160384057273,10.368094350092308,17.77756323171124,10.406567442569528,12.913165931974579,13.524550428810468,19.879083596723547,19.59227221971207,8.771413117768077,15.274670554999243,11.452100726254137,8.707475446623327,13.914914747878148,13.457586057720901,27.13358243172761,17.16479912680348,8.111912496228815,12.176129979145289,20.106916477146992,25.442213864349625,1
7.070083438810208,5.600378074304775,24.35482587685891,16.94807088685452,10.658536340618168,17.673145430612177,1.8212613049156108,15.016877532985806,16.639105864215427,19.62135069768915,9.930520238537312,15.428435807016795,10.372876869702063,16.276918778371584,10.52326838818488,12.959495804198896,10.020923026048855,18.255681209118286,19.29225558328333,13.82689715021293,15.191189974800142,7.75704292683228,13.501616759966065,14.748976914791276,28.103965455149876,9.440164871129182,22.32088619376219,19.98429386732904,16.403182022450682,23.793102420975668,1
20.232632835641176,20.334955174007572,17.681276081894726,25.341413294511764,24.5788154028653,14.245936275022725,10.084516832407395,16.782116175626058,13.19976861361412,17.618852552307867,25.42462880810483,15.25619006947926,17.74305971213055,18.34813640885037,23.090585293231708,4.518663996092369,14.35979823140822,19.267702153676836,25.20047373856117,15.048585314962768,6.7406837637487556,21.718268675796818,14.187825667046223,10.862000045457831,14.253927661720654,16.892847854064904,14.371532012770723,4.766603657405584,23.382397181322794,25.649250247672335,0
21.909131948037032,11.1738859774511,16.79105079631489,17.96087210862325,21.59276633737146,22.010042932308483,13.594957207329024,18.491973338481362,20.743682427691446,26.734933932880597,22.22703923894834,22.734340124253112,18.502959767576165,26.462754871221023,20.458576775756985,12.833472538958576,26.420219820751143,22.187419635234164,15.341735873229105,15.123042195604539,19.77945327084457,20.779108771605507,19.183753593787237,19.867852040657308,28.19974424745828,24.429258913409313,19.143813547590145,23.647863484604898,11.804856578834762,20.38756229968085,0
24.04653174866555,13.90977052303813,10.761830356904575,11.739555557034697,9.551834813288059,11.076190459361483,13.147459507049856,7.97216490410679,15.078091669748016,19.511385868933235,10.4612190992654,22.596419618208845,17.553960442637973,20.152902928120287,11.710827230739316,19.272626135333077,9.540330498023435,19.451237504182544,15.859196698967656,17.76625609992392,9.12202697187574,10.524650788616977,17.986141091266923,10.258259978878996,17.316031460495616,8.164310967698771,19.24087106333334,8.837383426157455,17.761499688397617,18.128154668230003,1
13.819369089422551,21.49215940250836,19.562653580001335,14.76694886284357,11.94867189554275,6.224245849964526,20.09790028379816,8.611183371827668,18.57206519664785,16.419310703506504,22.074856652629173,16.187727003060814,16.023313281917453,22.391224225729772,20.010348174504703,19.896935743096666,20.815605538851155,8.786567260757364,22.54073207992189,21.67481276408161,11.899901228541017,16.535517157954793,17.764156274234214,17.193019293589604,20.003159799411204,26.5882006909871,24.490600366036972,10.126684839411562,21.73241994183629,25.973599917212457,0
20.320851124135213,24.5458825511158,30.07362267420459,24.14225727664189,19.495851573850373,24.27053084450852,18.869326998581347,18.14341825970973,15.891514585717605,27.380480152992646,13.089428004347992,27.194206348068693,20.999184742442228,9.604162951188352,20.20589575794853,5.399840954090256,21.753048100986213,23.31138889793394,14.445864266087677,18.741286175733492,29.72494460250172,14.96551977442838,11.646554477660397,26.88998041477559,29.775523143184767,18.022174031087083,24.068778212450134,26.04885549318529,13.545094604769695,15.088164987792789,0
21.154372565773674,23.425071393542545,17.814404300871775,10.600928232489728,24.935305558497205,12.345145510940178,13.324311094142741,16.711689172448107,22.77080210357387,19.269879882761117,17.074327501809552,17.31644265059053,15.21757334321733,17.79069757259253,2.3521996115284853,13.516962704651007,16.206609674583905,9.244929581902465,16.9316165890578,13.977643895069392,23.77737849157745,22.865098626074282,12.670972154409185,14.245811442166524,14.630262171958037,12.741702619201886,15.975124920140633,11.208589655562049,9.346923325312368,18.113556119501343,1
21.777177505330865,13.174105442040045,23.372132584575596,14.210533625008013,19.518991428227885,22.922064075674736,17.798324611777723,20.728445472846804,14.901422136674569,16.821200499431416,16.76484341471796,13.520529920758566,16.939355021305307,8.70829020681752,15.05307751714737,16.290747039781976,16.46292148502772,16.551015324775324,17.629414800839225,20.876649108516382,23.247102444795136,14.101408638910398,10.780794867665133,11.747733526541383,15.076782472830436,15.888472093100944,13.380023602815257,10.223300014500632,15.26327503515487,19.088559720683826,0
21.570176795013385,14.655461681350072,15.522013067139394,12.439810146916136,17.811364977751342,12.909428194855112,21.4387668794472,7.284801048395332,15.842221965285225,19.806644035150452,19.103007097935023,34.158201983882975,20.09880014740744,11.975672418947937,17.42721451746556,7.342521999201289,17.516401504219434,13.001663657995449,23.49234165336097,14.70275835242679,17.29940450522852,14.18665295157358,28.43310811111999,16.072543403292528,28.995342260875205,22.884910572709597,20.892400364012317,20.21239888390512,20.362783789297506,6.433964523926339,0
16.32669963509546,23.07094782710593,17.706616899155367,9.56886091917855,17.685573296535182,28.224633097532948,25.481350293208315,17.627975943803808,23.708695662348518,15.800957877791689,7.776770479039686,12.453204071222673,27.377332611049187,16.356041509024173,16.53969612374989,16.200970822350715,29.42481953743804,27.755753492172378,31.312681400688803,17.045728737599692,19.77374693248257,8.900144703475254,26.861606556709646,10.99332269239239,19.300653382575774,11.416184834202934,14.466799039567823,12.976425413701799,14.352748435945092,14.765263781106128,0
12.258656025374615,19.166669558901535,9.4756860346874,16.102707135069334,21.089795761527792,12.43401817743302,11.410405546261991,13.847376874098746,20.898626041803553,15.970538154766789,12.343928526962006,17.419383255940197,9.488539250817883,18.40679755221474,17.043036538508836,13.46095764430558,10.807071007763845,10.566595388582714,17.674086681729552,21.14490251244531,11.813461264856027,17.29193351775742,4.564864906989657,12.076911346714002,14.84470533564549,10.451582915090832,10.31746812605202,11.661102217655568,16.460963641631867,14.063354907968126,1
3.808843833375139,4.396499236824669,11.965674110714122,17.28843293026776,1.2624757863738267,12.501349119241848,12.368760717412894,21.94168889104224,13.074890941435681,16.914944923704642,15.706285700437316,4.3471676009639975,18.841036083158688,16.07698252728144,17.54134319837295,34.63118853218163,4.579435302507058,23.62348324880554,13.562762402998223,16.436644522015047,14.77243877349379,12.878818333009782,12.150835358806207,16.647543677865045,7.414131516641604,18.75289583760883,12.91902797557373,9.349653304798212,12.749935710020932,21.285746084312862,1
14.787989477902661,20.15072170925772,13.614262345707159,22.547531099541718,22.113046432741225,29.091652999778468,16.946616327004705,22.01192882854744,18.58840523723367,25.775230691178084,13.687005674347619,22.470031877263683,16.83181622329991,17.61487093734901,18.550514906690236,19.51344237856006,17.30262574126825,19.28827909902316,27.468708345373106,23.91269811369131,23.214927554981376,15.266762843856775,12.664555030630055,23.731803349426517,23.256280755178768,26.836024054505888,14.376116244184622,16.622708067837916,8.163095024847395,15.645173363634761,0
23.97942306347668,15.201027724630812,21.84287877120494,16.85698136401313,19.944342169329364,11.113851661105995,18.511256697803404,0.053184174595660494,16.87862305102809,8.217160537709159,25.2359670992809,22.664444116587067,20.800025891796484,27.12603736295628,12.306500875050975,28.48417918749335,23.59314938556231,16.58066827668632,24.813720883097666,11.362238925530194,13.052915030833958,14.348461660561798,14.826133751615908,11.660654143438482,25.33849840257195,16.44687359778101,20.115029810141277,14.577891801517914,7.0763801967088975,19.620344150348533,0
6.526470147481338,17.588195723487186,9.790109767003136,29.923655995384845,23.46817633304833,18.634522747628882,25.582240065928012,12.922104135205586,21.260876272020557,19.198862602312282,19.584120488002018,25.634121000640604,22.39495261667881,19.732341976950142,8.070675382630222,12.239722228323219,17.263746398425653,18.560234245659906,11.218777651956456,32.470060053470526,27.098364331521434,21.6127099223549,18.43222116770247,16.72674618059309,12.288489239866585,18.464883111113174,19.546515240856504,10.549436547110254,20.005058503469385,17.068445707051506,0
6.553154652735654,12.837689935322988,15.518366799470133,29.326125944041138,21.339318747202547,9.987110585400652,20.91621773650582,8.716176066369806,24.49614632332244,15.173252089092728,17.438182867564976,25.954779885253142,10.277018588494501,9.617290889322051,14.49840404192397,24.230273106115902,8.883923547138945,1.0070664113365864,15.293046849546005,21.31044479946552,25.201570498432975,15.221031827487606,15.531440357303985,24.92340440553448,6.781549801827476,15.668875348901942,19.142543339550347,20.6953123277102,14.941159840854704,18.206646070235045,0
3.070035879522063,14.05050952599691,20.721052275326805,12.106235794471923,18.353905329537582,20.681235004816187,15.94470479485341,19.022782625979424,12.223604608292325,16.760332321823718,21.661297017535336,18.941837765810604,14.480812382616387,19.345298425744758,22.28765874381971,5.700352328535132,24.95444438973539,15.982471567913569,20.55293959944138,25.183481541871366,9.769957816617204,13.743353985434721,16.26870782474577,13.29747887325343,28.40961945502085,12.859367437039245,14.6667193230788,19.22633418961786,10.787102843543467,15.625915729462415,0
19.90471956750105,16.00283757370493,17.43967884660031,14.824007325309775,8.913178144915397,19.92955926803543,28.529598429883446,18.11040978470063,19.351584703485294,22.156336530701154,10.384017020719805,28.215087948777633,19.21397277853681,27.79114139453465,13.601802026856063,28.908371535346948,22.650932964208696,21.31824051511415,19.40414672611889,16.508828291553304,25.20318995084323,18.84215921908828,6.197581778477086,11.296881229757984,16.884925486843514,19.859993898993327,17.660469066600623,25.313824738761976,6.293388815768251,18.86152761903096,0
5.910103873064227,18.79856147742084,14.527706427789987,17.09804986012059,10.680585197051169,21.397324658288756,20.208623320294258,17.917721515059437,14.352413765682796,17.899286426475662,11.465537160063256,19.27777829510356,23.247404471619603,20.35305279989593,11.351987650962952,16.807086586365514,8.534292281206762,17.861951555878377,17.253017064312694,5.65091830233918,9.191080780438181,13.584305516281164,13.49570126429587,8.952615322905974,16.944893646760917,16.25736804470256,14.028654340107403,11.221042499208185,20.243535632082818,23.277035565441476,1
15.098631096920776,14.326998497071076,20.947245992471977,15.85182372151808,17.163616796020595,22.437918910348028,6.543863474956243,25.909813949116018,18.436083145976045,15.531041132626918,17.464595074671305,17.774576130123112,7.612792179330447,26.969629364719417,18.24795379362371,20.658012782684253,23.70929862344426,11.873025254638197,20.84083139421137,16.39415345460724,23.080624651298965,5.236635477891028,17.405434198552385,14.38307606529623,20.593577703804932,20.820265124209214,13.754244631067843,13.726956814943737,17.336007788656023,12.62014663610875,0
23.05190217271276,15.784756797315323,0.5580706840701509,15.751067660269161,11.768737074936165,8.212345107234327,10.575440170664564,18.65645083099782,25.971844969489386,19.87910684318988,14.36097967070556,20.735425171024218,15.245458138686047,13.832397785021131,11.073823990602094,7.489027159489686,15.660457760643329,18.94832093952079,17.420257979910662,15.504198432315848,12.325523635819314,21.649477150109814,10.097208480320491,22.65616748306085,11.98669788643965,13.48538857588179,9.199288856305937,14.99158711868618,23.851874750867875,21.09376853066374,0
19.892110560140175,17.61071272966968,9.481650857348153,13.346053878362213,11.099004354412687,21.6528745201952,9.016056767868442,19.468488446945553,19.464769350543847,24.148101008580436,12.951567036852513,18.561610797900812,26.408259182694213,11.911791615331516,7.324798762338202,5.599949830461181,18.563560144306656,5.584248959707081,13.138404735310386,17.186565935194803,15.92587768414957,17.12722432092086,16.11144927900427,21.394329066566968,10.238418096306015,11.615024307707344,11.13670277364588,19.150959059313053,19.501992941975317,17.25612659659254,1
25.100962001339564,10.931754795741714,28.00334466930682,27.139431730273547,22.41373198347448,28.69079345262636,8.060260753933358,14.853311182424088,13.588179235908285,22.32887594254406,11.699155562387126,22.54497089602491,26.22321686398028,22.171217400503995,19.702506141969007,12.072759954595504,12.918894203247811,25.497713431780003,22.676094023431993,17.765882883734736,15.492542725404656,5.845152761331738,11.574885487893368,29.46851452283834,10.3172665739852,19.13687892732648,24.04466383917119,10.470463991986245,19.108262848686497,23.62749322506393,0
18.074995931443503,35.21041833400061,7.9884044467308275,24.352371179303276,16.963189575621215,22.631520929020052,20.647842910195475,13.60106281734002,19.37397835475604,6.852591291610276,21.61948500342836,19.788950795943155,21.831961011858613,24.348709950522903,20.205719041258263,18.888536518789657,12.713589980032248,13.726675418105694,25.120407721063984,26.618012434235872,16.571337382127673,18.276016483519644,12.572313750037402,25.036541071604667,21.99250094215067,29.647304618782496,12.730061536921566,15.731952605890696,19.388675535153435,21.878937226354623,0
16.705994174714206,12.762233457277796,23.288445173541426,22.32681217527349,12.502355396617649,26.132656806632976,25.021192255179624,18.805778983486757,18.477587174256218,21.324346626695444,12.829781578462452,18.18018887498449,5.085698732344919,23.258733873017615,8.631040665348843,27.020518970573995,16.0192794362013,16.729998108412936,14.233596563492965,16.271766756467542,26.51118807088822,3.073148060789523,25.661792316529123,20.02814088661025,10.757870112856706,11.548125641704573,28.05835816324922,12.326958720343612,11.079896936424243,24.823887254188374,0
20.031317257715486,12.372446540781608,19.299749852427713,11.845483898158335,24.60492839053563,24.368225789238803,21.192037192931657,20.1699663674821,28.567128749204244,17.99811796432935,10.908755247475192,20.69684347699384,30.51628229722268,11.911443040884887,15.831223399836086,20.498676228608716,17.676570905965562,12.106178517736113,24.731147137382823,31.920244332103554,19.176788754143445,12.575590261583997,8.706236849679149,19.547855887327085,24.623264059897544,20.851006478972288,17.985576954486877,14.464370089264161,11.44701820369146,23.00850795794929,0
19.568858106927927,7.271351066546334,22.94919489090342,17.870356104470005,21.997973225728966,8.289361257574424,8.170879222922807,14.255153451163515,17.51392213447597,23.98180411463482,18.530394569075657,13.786593615939832,9.86815396167054,21.150002863595752,10.176472871246425,23.142342773861607,13.578076751967453,22.952910363089252,18.39465645029639,14.315022552787708,12.403018140869367,13.2954606132696,17.141583461876188,15.385782481088583,12.030942959656475,14.17184294841184,15.392885148595749,4.35632952792594,17.290840573943495,10.101393876415965,1
11.08000558076553,7.875933917335739,7.236645012792659,9.867314981326265,13.745874254217057,29.719554825159406,14.844721944628777,19.06650063760819,20.40288831903797,18.786391117295093,17.535339235644038,10.82823741840453,26.70556528967527,28.84317986182731,7.904047835263885,11.855828454681722,16.321137945737963,12.212773230538852,21.03579332073519,13.630366785560321,30.990336406839617,25.143291566061578,19.27544418379329,24.16191757991839,24.63540254614385,14.61631507165054,13.10269653274821,18.468858377817885,23.169816746987667,18.834362391920507,0
7.115017589045014,10.985877780245788,14.63013568202811,14.621671978370848,24.862710883949042,8.07006028800501,17.527946209179373,22.44556554164145,26.35724872711398,12.978012884080194,17.457147263600998,17.848801785993235,15.977408657766453,14.50577399380347,17.17987694750023,2.3387695739015726,18.410347450313157,15.630889518309836,13.887625516108674,25.23431097859779,11.625329906047238,12.984620054674846,24.95776651102367,10.839693475750718,12.249423585317306,14.26487288284575,19.203672410647748,16.039012536766567,8.536873264238686,12.339157184364051,1
14.35587340072673,17.536673728661725,20.55506195177897,20.50923453532783,7.3439294757095865,24.383645925365137,19.51541307597974,26.307192285563435,20.66518996374403,24.60793774641457,20.79927186870076,26.07735453721649,21.13350381610667,17.412508521342573,31.634608322681288,23.33422273367935,21.44246652602648,10.342173500769984,10.270154295218774,19.756292892851118,18.873127186609445,14.315264609950104,18.84589619767236,27.531761568261572,22.17241484730179,11.15394894148357,17.330947037142337,13.170201114884634,15.673800501548634,15.518306006222142,0
15.134126504375967,10.46918776815963,17.234071910890858,14.63635417891614,0.42330785998639225,30.31783214700998,24.532617925300034,15.742195650450023,18.112914298443588,10.970073916094629,28.174337266865194,29.383732168638666,18.940162369479147,24.141183865112065,19.05172067360354,9.979647366744416,15.529059786218056,18.791567800631743,15.272713687539333,16.68808033538978,17.45160265494531,17.51472901280723,18.313550942984897,11.636369601620395,13.697903105232383,10.292494405800184,23.8668932981172,5.366118348958052,24.92154205990155,26.31809638357706,0
13.489097065086893,1.9843145608635062,13.193447190163548,14.679079193555904,9.947008900355433,12.423908030958787,22.650975994316756,18.324635811508706,10.3771794281095,7.01200415202284,13.364913411951145,13.93271610324781,17.480995936816583,12.323416437161704,17.557497876809308,24.675770200301145,19.077505112221314,14.759557463346137,14.084247644733527,13.216634329100645,20.903204562260722,11.863432770243485,15.226113544999913,15.255989509405426,12.49107903594234,8.137672260579496,16.61487251808834,14.694980140723082,17.50120234718285,12.331998467804166,1
25.324927792878285,12.73935731272893,28.272241704107355,7.514180941030429,20.608620387341347,20.852584095159738,13.226657592354707,20.546363627166073,25.67711201856095,4.6990869638756125,21.016468844944885,3.0403750780195336,12.20601117886075,27.774998189405668,14.509307799647676,10.956720213546165,16.812373626091908,30.40743802898131,7.009906516763844,11.692140530163933,26.98459009907776,29.146214061226395,17.379412654258296,10.565683784840147,30.575061010854952,27.56665435049518,22.073681926573396,13.125585906375479,17.70582395497178,17.037839513731015,0
16.65425652307789,22.25500719065668,19.397085205687016,9.613119615076208,21.882482250097688,16.565660700065777,18.43532897929458,22.332704296393015,9.442098752432244,14.820872106467686,12.342727243203925,7.1607028731727205,16.733549888024598,27.55778275792212,5.799611277471236,14.838596944752648,18.20271467537387,15.615391008280906,14.434359737421298,8.503918182770878,16.163933714700818,11.216180114920368,4.050391475107233,20.972961102568654,19.79192909921021,15.258304884255399,16.145373441028514,20.371590063577806,16.121698283890414,19.520087773806573,1
13.51258899563075,21.559918692869733,16.603928629663418,15.97025971802937,8.64969455643984,16.434779271508543,10.840225412527744,11.80858636735753,10.923121858419394,9.668825340503876,25.62385701508481,21.656695309942016,24.601837510721307,8.88552490222218,15.356268749554463,8.532461873979521,11.52152561401468,10.409365082917127,21.197920032207808,13.0188516094912,20.34189666847008,18.02060444794259,26.518193760523943,7.6027788843013795,21.296166198933996,20.732204352003638,10.133105809864826,20.0356666823658,16.680724815131143,13.86261870023296,1
10.880322565140002,11.40445274275407,25.24906047892963,15.003414094787413,18.910650007657296,11.045503091662233,11.100735268891807,20.40992404624971,8.252118942242339,12.923931160473643,15.17013705536116,15.556863009200262,14.104533574919218,16.979098905479617,18.464278779089057,18.67318772729665,10.070980956660867,13.579224510356013,20.97381430938469,19.47323593786936,8.135702742594681,16.757399501761007,5.108873753125948,15.234674510301849,24.488835083729885,10.260536413655068,10.82838477254209,18.820148907864297,7.28599242395177,11.836224850574805,1
21.578646825490516,14.194284913863582,16.58418007673417,22.465114261890207,20.529276501219368,19.60091037777241,15.965266324379767,20.22036669161373,17.25760391940146,20.74683365955471,15.018407849292132,16.904586153722754,12.060253244687916,17.789954339962584,13.133994818226931,11.315721299028041,19.55196688713233,19.276438655145963,22.697242409691437,15.413246582549405,20.448317081020537,21.304785433641978,20.66864284698957,13.046077903187147,18.896180893627132,20.184841776327968,18.04307080144765,5.481134049773492,18.96293774384088,31.27518623638345,0
15.839764387458104,13.631537412868074,20.24009135826839,19.874269262799427,25.156410992498483,10.452791064546673,22.38828151544995,21.54253236750878,17.147120778356722,20.03212390753014,24.176744889590143,23.233892280170704,11.141884127557628,22.920949120532907,17.61186836980489,18.437244588093094,18.439181946010166,17.09854206721044,25.150244982642388,17.497692240904726,11.282723229700988,15.638820864181627,19.072168300862852,25.375288705782303,21.618568109693,12.896788327517736,32.91113950007335,19.588651865867877,25.652344427994088,17.089713398536624,0
21.200155468232694,23.036811027110428,25.309168270525536,24.344209832269346,23.233182000437864,16.109479612835347,14.56952374826363,19.995645061945186,23.598768434046416,16.663675795340357,24.391031794286317,26.715700472917074,12.502074485559481,12.97847577722232,17.157749646567982,19.84567600913518,14.852597917397695,26.113216073202864,20.544401169110706,18.23668228944444,9.384542856788833,10.105105101434956,19.686055501690838,5.204426243070982,24.075824457864428,17.051076933766076,37.4585578175684,31.847497503696662,16.9113055845149,17.36197798481211,0
23.97348908401218,28.219035659508226,8.1718256553839,7.28174720787188,14.26779116667371,21.496425499043184,20.981241543045584,24.4186287299031,10.80181482980815,4.103136822186739,23.14808517181287,13.030822362208593,5.8890728136681725,18.87038247575629,22.759054129312066,17.267657207272336,15.252909682905063,17.04382660712456,15.776503425595303,9.911717328358998,13.71191593805741,21.127679430082885,19.930071248259,19.00835883580092,12.029109108879725,16.910981027185997,4.937609721342871,19.07085998331234,26.573146246881404,9.155207207747365,0
12.070361633411224,16.64553389355065,21.264213172137417,12.758876918499253,11.538748353670519,5.155384287919585,15.517190646540532,25.21038020071872,16.38679230982338,14.888605104081433,16.61041155383493,14.94453998025699,10.934928138699352,19.116399578388528,16.12880761555877,15.088066259668286,10.123169863608751,21.517539659673794,18.32351372666555,12.235395813163489,20.009124268409685,12.512145808073964,11.089982537444815,11.201484412598564,6.144657234559544,17.35771190209103,5.84427560830825,8.857780843671186,4.622059954607334,14.569651536045535,1
17.098077238368766,16.039822720881816,11.744533831976542,10.96659747938016,20.786219181279442,14.696688409749074,19.898149929216867,12.688507883254664,19.086376456626493,25.81966822389638,21.516994802356702,15.525517090701118,19.543193822135564,16.556008952818722,18.04728110816837,16.04633368710898,17.013988764687653,19.27256011844505,12.039847802508296,11.904727038060129,9.668744677012732,8.39837337297774,10.696303846677125,18.956775040824773,12.643274907048696,21.081686785386577,18.20828249251537,6.188974719371677,21.929853505330136,22.86479187355026,0
12.03682395099088,20.52114925736995,12.861010575544805,18.58602226049001,10.413009558270206,7.241361284792539,15.703096862322187,17.257626322350983,15.613921838312375,10.895816650664642,15.600605627213177,19.615768515484405,17.730641819264775,19.09500618359528,13.979308797274602,25.030307488296955,10.942959980671317,20.92536178252031,25.09134655775977,20.885448556493373,16.78485463761102,14.830217720022125,24.216525906277536,9.462150448429961,12.179254437722138,15.614653407049671,25.425922545071987,20.278605816245374,12.191725448938529,16.138153767690575,0
11.928384279518529,11.451055038832324,19.894447792783897,8.141284353682472,23.043904278671867,19.141148450923115,20.45430835301849,12.685302439873709,14.250296404604454,7.83424092737644,12.376687964665985,17.468274238215756,21.48031530890698,9.464215915987742,13.17247031507367,14.243503898837389,8.021053989037574,17.956746208792,11.380048341286955,14.02304824411488,12.740253140440611,11.053307471401627,14.964775072597227,13.921952107159889,13.140710588606673,11.357691891598286,16.597623353914777,23.268086342461423,15.699436164195637,19.980591074555644,1
8.048890374232688,15.788807196468847,9.513158405144667,7.615375362340493,11.303142962704818,20.959496672067864,19.750079143348227,16.215023610272,7.336497200550346,14.018596743060316,16.50850004450868,15.87768114789299,5.781032082596271,10.54841075990064,14.679611179256417,17.68145454758595,4.019360894500268,14.189380122600708,15.715243849394762,19.248059942581065,18.464287921187182,17.912856594044026,11.000297466490329,5.459989314383462,13.034736214692995,20.0081591260428,21.96727263762216,18.552745511488926,17.14670411400867,16.898198241929826,1
14.663287519435316,17.21963823867828,28.014417154957986,12.34465196524874,27.68867274425911,16.06783107304765,25.95259265457047,9.55910994301477,21.515425206987896,13.579379184314266,9.508396848454874,19.31120425446567,24.05683073157581,12.930351368439021,9.005904237249593,17.44893141399027,17.475388027336912,21.28991776532699,23.697567428186932,17.643508912365036,29.133019888765578,19.34540846721175,15.921440963958602,8.330595845383032,16.42404287810299,15.981678327533182,23.76182877768882,20.774901744401124,10.923785270204295,19.033526318466222,0
18.357655858645266,22.640156796939163,19.437519837070298,18.80423327155739,15.300429973075818,16.941560027117248,21.247524503530794,8.336113012601752,13.25280336391522,11.137156256218796,16.89576559363062,21.151110878253938,12.01512856639463,3.0484781626528097,12.93889627487765,19.567368660087034,17.688149514749398,17.140931239052883,13.6000334906276,8.604846318901068,17.576471608122336,10.828590949826875,25.920483666902282,17.85253604177258,12.096758487230245,11.943073763056859,14.535278966932058,13.80249038989125,20.584168877649773,15.932080848720231,1
11.34184130545736,24.45220342577891,15.246541657601114,18.844198379844485,11.958867462776205,16.815578138722618,16.555549955715975,5.551753539519236,25.0763755523032,21.453222304612737,13.014023419270062,9.488651297720722,16.73780806901776,15.433488497071982,16.778344742816145,15.957886980970448,17.53120494652963,22.236528496959032,17.840516025643232,9.751722505450294,21.81281426356226,23.203072817441438,30.760283672560426,9.38252983380201,16.214410065751373,4.589506484055065,17.765745781896044,12.258998509166137,24.617228974124764,11.126925149907091,1
6.554084810163692,12.6436812964874,5.122561143914313,18.75549727253655,4.674584768718397,15.142287905915794,4.610940900719015,13.398510977316791,23.21689077902267,16.803239457178975,10.68253197517533,14.84398255530458,15.090084360222233,17.36315172921703,8.165708183595868,17.962836369236655,1.4780418419861245,11.850577238180948,12.558630787742278,18.166634130356194,15.113154263384345,7.972184730718567,10.075034370914924,15.993400047737035,14.604663290677218,12.104379451821268,12.595831052440104,18.480839985796443,12.411537135653926,14.559543779854634,1
25.849682940402715,7.881586815580385,5.740786342126707,18.917948323993034,11.606784693529484,13.408812361286898,11.094218109344428,13.700999296162438,22.992690560481705,19.010642293090598,19.311117559434884,7.918864721036773,9.244231317235654,0.8046067025728654,10.95309589458623,19.783515931928292,17.584732578741853,13.89243368523938,14.888498581409735,11.555572287122972,16.02379441200892,18.829391397403075,6.9205660629476355,16.49823843918674,19.662174354773335,12.924498555183153,18.503503060602917,29.073272222362764,14.47828603506554,16.966535250026617,1
11.309714581693042,15.906255813010253,17.30135812491152,15.97421170135069,9.901523401455716,16.031808856627254,22.310979693588184,17.243178822572638,19.809935945359207,13.814940149936861,18.74950119711855,16.396339191082628,10.245446351563839,16.592605023994373,10.041516682798449,11.83559862557604,15.94664153646187,16.48622136690062,9.053837674614353,20.26992885591438,17.860031391502364,11.47635782194558,7.312076017754123,14.275477104592843,12.7702814306942,15.565702285265115,13.184416694222168,4.962715696274952,13.058265308494208,13.471904444658435,1
21.80196614864435,13.810801952333701,28.072048040235398,6.530156696089458,25.867004986815747,16.65408617473137,23.15750923406134,18.478808904352398,24.837333216152814,15.675828212683133,11.408277448933125,26.52302572362638,17.31911612470715,19.329350841745264,25.408511484268768,11.808268547433391,21.572945385835542,14.460631461222654,17.20698386613377,18.433673792305733,8.998668831318383,13.326977743077393,26.106437354478835,23.317147131508776,17.62416253603659,19.45874075107736,16.234544966181254,26.13950031496789,16.797884533235017,19.39105255280909,0
24.87618086485239,13.335771090924561,27.35273510698136,8.817231541539739,27.777852786676792,15.76394649628815,16.543807513048307,6.659938972902343,15.271231695733842,11.761160813838694,14.354121927759165,17.17613420526672,23.746749686837436,19.245620108403752,19.846059920406685,11.426883666926624,12.715475462383619,28.792350110107872,13.588793791420521,27.937249512343772,16.5416328067148,18.013727616861026,24.422190961379577,25.63135453163194,17.335124638325475,15.670541678870766,17.66447730886672,20.02774516939271,23.34782212121853,18.02537915396491,0
21.71331778813892,27.83015839362564,20.287857673588707,19.86991713602867,8.886535049459594,2.2156191790256194,20.330254375381006,17.431054612314764,14.911303950511547,19.461181225118064,17.63757762481855,24.76668150380339,18.516665209553867,13.518460289578995,23.94099743375573,16.697213550322786,21.159220102033846,15.135535762843196,14.101038687015382,18.505009381114178,18.07697186126211,20.878962212200996,16.388125480141543,6.981841297377615,15.403356698469668,22.762910802862894,16.21574352454136,16.52169958491271,23.918259035435625,13.728160636446463,0
8.743180690542601,17.036213282847033,15.094956292507575,12.202522081480476,16.947729264607855,20.949033883480702,17.944268630593104,19.841886436117427,28.88044619109254,15.942726830654614,19.670091807868015,14.944719824405192,12.921841680678163,14.49055407949338,15.127448570869868,20.15685478528275,32.094454720204546,13.703739382344958,15.500248166307225,17.62126192133251,20.374793092258482,19.581304871728708,25.7045747636887,3.441647576788751,3.678420778825964,15.024730967939105,24.583801125262255,8.606111810366423,0.045794038162542704,21.42707643731525,0
19.461943342216284,11.45874955920342,12.08676239567442,12.181537682191953,18.663211904843642,14.242108342901957,20.964383513853118,0.8722400225736543,12.858888809233205,11.243676234533698,16.461955929765047,14.771713449059169,22.787062679374596,6.843979370039655,18.272948857984513,21.350018539270234,29.139884619371728,15.109404173439149,19.9467516261151,7.176823244625809,3.648262774121857,23.0686462546902,17.966638238111575,25.071076138790534,9.759582666181505,21.119412837172515,29.21290704326312,20.518233650143596,19.65948903354629,18.0513364849461,0
8.574711257244527,26.13343761426209,14.334854161169604,21.0268995382981,8.621794160572477,10.923242012953319,26.61052439533341,15.916186266252941,26.71965285625527,17.53061604564889,6.948613362252854,23.352405598390323,14.460646093466352,22.192132881102257,18.15126520524049,8.741290632342777,18.985768592223412,31.17733885291679,20.957918751086755,17.65489348196722,24.452060411741385,19.264010791218663,19.257205381576764,11.450248967045384,19.40308815473759,24.212660498501666,12.983627087399851,26.546974927481685,17.449763855129245,12.673382930768755,0
23.985792461521466,16.279234585570386,22.55708932491665,16.249448206448776,17.641043138820578,20.96136122600575,19.745382345540033,6.026809317289569,11.272537559433648,23.576459908744894,17.207180466590717,14.857612183371469,9.848555908455154,11.52158207234491,5.8692081602283155,17.392315687790802,14.409374516513719,12.200472654088108,17.591259448992282,20.183823785116427,30.55918759325967,8.928699482620718,24.95628625980313,23.83860936609043,13.325443563739796,19.219415727516186,15.254200503974307,19.114131482512434,27.054786080427302,21.63363739578788,0
17.54304186616721,12.848453400226788,7.579716675378324,13.957658947297961,21.033040774319574,7.364160717051762,9.724553159116525,15.631338681170341,10.076726075763688,11.037382764423937,12.882007091359114,8.171912979049253,10.129390768918158,18.517139583936544,8.46315108884518,7.010639327525812,11.849875102330529,18.65977751254923,14.015390960015552,12.677094609421909,15.221793987578035,6.27146283570174,17.473528268875164,16.91717515701822,12.953457629521393,20.029622558982084,9.362519505234808,20.639544966267845,15.772468327976256,13.317237050609133,1
17.88075818779013,17.35641140513435,25.321697378506304,11.539925235173918,13.42488456512041,24.21781735243488,14.426790388896844,23.40319846398955,28.196615898052254,15.589229838350198,22.08817395945183,11.07784631196085,22.528399788406855,19.196543915920603,20.83822969296129,14.126567567787628,8.033499506596964,21.019512388497027,5.619581085123273,16.095897046544792,23.64709119851982,19.151386415238214,29.690055868738877,24.15065491549064,14.076609670046542,18.163880279108632,17.715775784733385,8.506939419923237,12.357606501093882,14.635434558120838,0
5.7826769828643805,18.284960809509858,16.505568932081754,7.962636592130554,20.42527719166399,22.295236468145756,19.362206873189333,16.05559094874618,21.548652910511127,22.081322162860143,19.84442141831813,13.052326497391434,19.659604593067083,25.172883904952872,14.420225648329618,30.587636034794585,14.846214396087694,18.19444208004082,13.965086423961983,19.339625015521566,7.546669844188347,14.723749207099672,11.447272797908598,18.812030087353744,23.966684253053447,21.876037122687308,3.7700438348466463,30.25241791756728,19.77167964372521,13.341005157042,0
18.942767513945643,19.057138935016155,13.998907698290617,19.187500004052453,14.355166274278156,15.573828043859862,13.882325185469494,9.403972261562084,18.875018821292304,21.51179661909803,21.08930157645823,22.919551515811403,19.94604126008921,14.80364701069858,23.037983186587134,9.854894760948389,12.595971704925118,12.214799571460533,24.48033635483586,23.656731084840455,20.923831422269966,24.43157919127078,12.72430330552807,20.091570719165883,17.248953429701015,23.081292623309484,17.308654604686815,15.690342669539513,21.245451111365938,23.257015003147398,0
11.65827402576599,14.69462164323812,9.707796831791736,2.509694912535302,16.002298157068644,18.04452678127316,16.310334045433628,5.252191411228164,13.245752849617627,3.9082611997445937,21.848505538270924,9.56972708940957,21.27701804729948,19.72934821842073,10.497048237319692,9.336075243661275,16.75185108193169,10.778379814084644,15.512423210791038,12.585862045965408,6.0942079276718335,3.8476599043777053,16.133421242472984,12.192211268346874,12.234550915429338,18.479319195468925,20.867211383162225,13.637276393190954,13.297006465450693,17.500715165569417,1
9.858386581802547,19.338918328486184,21.311315830932923,22.081381250505775,6.37948378498521,13.431868381146355,12.7304204830592,18.599321726455276,20.884467478607903,26.980262444675887,15.030207117791562,15.014565010144716,24.898032113272482,19.779461631181828,25.605909067127843,19.732368018059017,11.057300287720373,10.00122987133316,8.690926505646425,21.97231100855084,25.131580938522045,29.096172848318282,23.058631993939443,24.97703146520991,14.519902004077892,11.06150509953686,23.10047599450532,20.506084513436402,18.644666246045354,20.32422888379794,0
19.939112894749233,25.70290115912137,25.769913508901737,21.265322114042082,23.07481723537757,21.084375314548655,15.232981607792286,22.53938804947884,9.63302958684443,24.3233493137753,10.83286236140379,19.714819720768396,12.929076249443046,21.32033389844656,17.796448644432544,8.431464251020005,20.524197786110875,14.532475339003737,23.286880324880215,18.007954132406443,20.372525912328225,12.254586269908728,14.464006611435828,15.248168183393492,23.140214881455332,28.064262526832934,13.168969489542741,24.461088867946078,4.981935493645788,10.834863593446263,0
10.206107719066125,8.237456552796388,7.0820580510621,17.064994560688987,13.929661511360694,16.897026988025548,18.452363430607566,16.32808496586267,18.28881588075187,14.652338568788654,9.065033058471277,20.28907090410398,12.054439336094365,10.32201850618787,14.110410620978008,10.435945403517435,12.912848090052838,16.720269607817333,16.741708696230635,10.510849667871852,12.561473135256277,20.371665023851218,17.482000588669706,25.375325196742708,20.90064086870764,20.721465342799696,8.06065724772099,18.819301758167114,14.734465991515446,12.245090982308753,1
19.00809204319517,23.671269207668903,21.004989546025268,12.729157191947639,22.454753481555723,14.174474747544215,19.30009871378572,16.179899595137194,16.686802489586245,22.597457850243057,11.758837681104612,29.671170445661595,7.073483584233022,14.413993900470857,20.221271339650443,21.505884998611858,17.397145676569767,17.655655781990745,20.463300511965702,16.61358313525392,26.359087547609434,23.036094685389614,23.236946106033805,12.203059659777498,17.52366945356578,16.19720430767578,11.966391745863206,20.1609851036746,14.774125453321101,21.93242297910142,0
11.57885062263401,28.314243677050925,12.622004048447629,19.315814023202616,22.751155862328403,14.576157418799323,23.114811860597705,10.624898413197503,26.71270619509536,18.08489558979455,14.421531552186721,16.20490936543539,22.853515616356315,14.493268248897369,13.503853863463334,16.67078041449757,10.938227323380191,28.923263447650893,14.601632452711659,22.989700717082417,19.256820501886637,12.09279569710819,17.964271744723625,22.704016675864487,16.87043198948216,25.158677675106166,24.129092356691185,23.513489127949978,15.242059366362017,11.520945313311078,0
11.932061973186027,15.981204703333603,17.728933567661777,4.142142976197762,14.959433991941248,15.790446126615922,13.612278718422242,21.456369195079397,17.108900371254354,21.550959540404484,13.920197398248838,19.687387462534623,23.175331972637597,21.558467246363307,9.539292032856334,13.731619612288096,13.274176472751018,17.44627267538164,18.431767775072665,10.80553662987132,15.339192569584688,4.900363339219318,22.209725029009448,12.438128796616532,15.279319699222485,13.451751430059694,20.730137875067076,0.8124677930131057,14.916948288370454,14.47090621251151,1
15.278181674449904,28.357359273813795,12.676023246865372,22.630777063413966,20.137516732236502,25.569115515213092,13.996865491334967,13.602186605257446,24.57641944486439,20.55192784998066,8.730375919939448,14.764169913220378,20.318295923088364,23.026585329279534,13.924616080842268,0.5144640610983543,21.139339114422196,10.678075860336145,5.895967211265532,1.0060444500951562,22.88388516118645,18.771704702429798,16.64606171572649,26.33414617777657,21.823948098138434,27.6978002563315,9.64358716699802,17.79269625627622,8.299719750311914,16.623706008867195,0
13.756920731166613,18.133068186315356,15.227819405709491,18.11703569139958,18.51720066569447,25.77464338691571,13.423516723569378,10.294886496668106,16.230418076582044,10.988599864302284,22.40980384218268,13.583909805273837,12.172118160630049,12.64342139424441,18.592087117358204,14.211265083842573,11.79166589934809,23.326759588117653,10.719150796691249,15.177830370164967,18.26153075805115,6.843324447914634,17.401302507029627,9.724461622597753,19.113913904170012,10.186744940405118,18.463845159244304,20.529165331473564,19.307182628164025,16.256583241190512,1
16.6121943424218,14.541482541990936,26.826208144902623,13.80302867899414,11.777603558580024,21.99221361019698,13.223179180881028,12.299619015203236,9.33837442698141,15.102540963236894,17.50370985662104,19.458550365964193,23.707837465796903,21.16138754199476,16.85476668268092,16.810825941721678,21.060944813491098,25.635420977571417,18.7578851968992,15.185214874737547,12.042803993486729,9.328768413526648,21.99761803226114,21.46787114183734,21.46418115063997,17.228043321887665,26.441608475350503,15.095289032491094,23.731615423243234,17.767542630062742,0
14.349895411923974,21.55518184390657,20.45781671210396,20.141836555601554,18.48767053233719,17.772641509699014,32.33023195722263,25.105539871177037,22.336961369913073,18.67079494922033,24.042943203580016,21.10796865834871,18.157228516644214,16.17861404840451,17.51449597402387,1.0225544152683332,19.26360503578585,15.069143519337842,27.5560199896973,18.116064424870526,10.866219482790228,17.70071907523129,11.723273489624974,20.8404444942748,19.74568418603691,23.747037786649607,13.254709249832606,18.20404857736888,9.809869227440188,22.20896869154829,0
21.113227082640734,20.974830126165426,18.009714188141647,20.488637344732744,27.62603464985158,16.289434457747916,18.831871102260507,11.48324220491154,12.790434230410005,18.586879758559846,24.623601280211442,16.462315054490563,16.584500824127254,15.558688532973752,14.79145997493406,19.76982873425293,9.016454128928133,25.68563746000037,14.007466211223237,22.331420912628847,10.380008415636745,22.013040783277308,22.031667646886984,20.30521243203538,12.033428869201247,19.497289137588464,10.901662891593665,16.483420469422885,24.176478605731955,22.78021156242445,0
15.075914712702165,10.125967120385791,18.227938560870967,15.096906188490125,3.3984220088478843,18.913149131582593,14.87883583065154,21.01225623991536,9.523647405785976,0.8835190659800034,16.395419291725926,16.457818383409865,6.546641861967741,10.107502270666968,28.77608871859951,13.471946929230983,18.65479488188108,11.746700863158082,4.548485505734217,14.148708766020473,13.671977198569474,13.000608806658143,14.426795822468037,16.32134135822818,14.249415243730967,8.67996916026318,17.430923957809696,5.253141223387884,4.748212713578999,18.69590247350784,1
17.535101360676784,14.71302317462982,8.02275747622464,11.460445296629622,13.68626626156748,7.020530157129433,11.304856709883836,18.261651690883397,22.136526821446083,12.902826236707247,18.78244177158049,5.429699647062664,18.297256205568058,10.980257926362594,16.53672808353985,13.761237908801453,21.60207004891917,10.62782175830041,18.138031487809155,13.602462683517333,14.20847260995168,14.080730534203951,10.771634477529435,14.929505170466642,14.686758889390893,16.206201242033647,15.422525728464313,18.98997274806118,19.617543080236842,9.746883390860994,1
19.343862502953854,9.068317864450728,17.939279440688676,18.098693923514343,5.443415541687479,15.464896232647048,12.657519433198422,11.206173710323124,21.75426165349503,11.731604296812906,10.96811535440975,15.378474700025468,18.42794873149208,14.291757069949366,20.831852728346263,17.654878309820454,4.108943401342849,12.352665182464959,12.190789503241504,17.39680476714711,1.8759147181294402,27.74504854358861,17.65513047447105,15.744384019588455,20.90783858209573,26.718270264063122,19.353733222942015,19.7440654823581,15.653450122321912,14.292371233165259,1
15.145227335970592,13.043328049712747,13.877915401803016,9.896664213942099,17.54477129588986,7.891994536641679,19.145499144862264,17.78201635174595,18.881611790320125,14.867210579880044,36.46116222108302,26.160695401081874,10.532744999491662,19.39720852456139,14.351963142376057,11.913121639755516,9.959567573256392,20.593300144555524,13.911718589582557,23.806956144151226,23.96269328718263,26.243486311268697,12.885679403555377,20.85219366415206,21.794725299853805,15.15493094937621,13.36936825564275,27.657123994655837,19.364975254392323,21.81580650427043,0
13.067543929032436,10.684293200866838,14.583301353047336,17.255871675660018,11.614679959095907,17.9409311480977,7.868968871588999,11.279715465180766,22.02546748966125,21.622743121667366,15.648739407678802,11.893414145538282,11.835578690843933,15.760390524352115,21.867110949871748,23.569474148065947,15.020809587108186,11.079045444091298,19.607061827198,13.058790176244901,14.890484166832785,25.951656542622224,22.96269257139461,18.94784587350871,10.368485993323663,19.268379404823953,24.37594374472516,15.746198005406786,26.10668453992029,25.75647173710924,0
23.31866416071737,16.526215632656765,17.936958499030062,22.070936441655448,17.236969685344878,12.493829461048936,12.757285817360692,16.192774768868695,8.547192890268906,14.283705423179036,20.48273559115127,4.043730744173594,22.672410508972575,20.6118710935158,12.701176920847619,17.716954139359046,15.015738634531633,21.149951842193417,19.913415713849705,7.999646384084954,17.936312067320884,13.971860731783762,15.414162852590499,11.359140495150921,23.740685345604177,20.20030909951288,11.301144180135164,8.326946965448837,13.07163684511076,17.17251323045653,1
16.201029219731115,21.26566412384122,18.94959861090426,19.847845128764533,16.634277003052187,8.05350634894505,14.021507344265492,20.300448699543328,14.74238535737677,17.515451843118733,13.406258423769334,9.850940757290775,14.383279679769448,16.54523721516327,11.721561402692782,13.821443775716657,10.302683790070088,20.59622458782048,13.52772121205983,22.263777725630916,22.643739252704542,14.59477017639128,9.957756337263252,4.570510611333313,7.639814634866042,8.1308258755067,21.892348137307522,15.57912293613473,16.948022620459938,3.89789495532437,1
10.81220142469643,23.32247865867772,19.720644674295517,17.116768327886415,21.389054151600735,27.814786836814893,16.673745218777697,18.416218815948415,19.15558151238783,32.35265781164395,5.403862413485847,22.09933808873285,17.311186507445615,21.400630357105076,14.055764676031654,17.7062098148493,22.26846347679297,36.67746120626305,22.848217136412426,12.911606411816948,15.45744190786378,15.279515349696874,7.22614096421991,16.019458849791377,22.39697449093047,10.354607285539227,24.290895906303554,20.926648926506026,13.594600068173772,17.150822175972916,0
27.589930845846197,22.401286881035194,18.052701929388885,16.573900098234095,18.459654422709956,14.929418652346179,5.371502965685911,30.253067463208385,18.93194999519641,20.388883590735222,17.652553500738545,13.58929919565247,16.884453114307377,8.403631426834131,31.662518988319828,10.592928009465624,11.808202296916924,15.358444773681597,25.728454349114266,18.087053995575925,10.583185223817226,25.526030164544036,22.38600376071289,21.230609743298714,22.294405447025042,32.366171403494704,31.110569370216673,13.879707941980227,27.743309956866913,20.299009138553398,0
20.994574896826496,7.846375010140028,16.977685407670823,13.12305845798061,22.968352889359853,24.426483002416827,5.553081893902132,17.867790815974377,24.73116902876551,16.879926226119327,22.374381870014183,20.106992805762506,20.049961391715758,16.372110131590215,10.700515175185743,11.270819115449834,22.2561150867319,18.116749533113296,17.16892653235665,15.456659746065883,16.168866927115488,24.281470766928834,15.988535508791838,9.953611720190588,22.461910653241038,16.770740016811697,18.188375193196656,27.645469838397062,17.876636655896956,19.735102038712352,0
10.926459052210047,16.681983285894237,21.657156271251605,8.667757596952546,19.205070558694256,18.604746435868837,18.247724733524635,24.222953391949456,20.00663108909113,26.868431390138664,12.038462906435782,18.815547403310088,18.506800718339683,11.58447303746952,23.737770012548076,31.948039835116905,17.897963553097014,21.030126529642605,18.507110854891963,13.718491980556944,7.075438333187901,13.765359101427808,9.648249714289612,28.22461246835471,17.309341836460565,15.924484025716975,23.334922948726835,11.26949338286467,13.398815771972686,18.408433615491724,0
20.143844957117402,17.50842522584394,16.24162571257941,15.390588676180082,17.001179277633877,16.008264525646272,9.85013862611532,15.230396108165756,9.631556705411237,15.405412714504118,12.596760292558793,27.696908113914308,14.80052808124144,7.978802168692056,14.329098946615376,17.59679372818944,23.366819730762618,12.052738000306409,7.0878601298818005,19.084185057154905,8.097006470501745,12.819222792462575,13.71189757244503,14.65183273349946,18.445822285371676,11.581828588568062,13.631353739166197,14.928648235253057,15.74798978759394,15.489135873539613,1
20.61603465133548,23.063037057850423,20.355804693905807,20.72151314105531,8.506660999521133,18.30136619499408,20.87704528800965,22.3736471674227,13.845895354597234,14.04576435066813,14.55539594829841,21.21848339934806,24.20328632954525,15.55523935625039,23.447773881762295,18.740878854987564,17.254285337025383,16.731694621092185,22.47966818761294,19.95346690072242,31.654952565885825,12.886652142016054,21.10861021217985,14.824793941130922,12.784278078068137,17.934797177790166,18.824114876442216,35.50904133036055,16.895125105900785,11.2189276230919,0
19.63806430496631,5.55215977472179,17.448259304374403,18.096151693770963,22.76760229767127,23.841733496567077,14.978582286553694,17.0963159122204,13.403275016335975,11.231624671153835,19.859368676283808,10.358486708420404,15.512238596568821,12.028956240604574,21.298099117741558,28.808580595598926,10.190472103180012,6.8818891026145845,17.250678687899594,18.09418677574655,19.311955840543785,15.32207690859393,16.796164207047408,20.20506246324361,24.242585355869032,6.269707378090303,15.786363365811226,19.28285276364638,12.492143372335585,28.387017790603796,0
14.187540718627577,17.752243877956303,21.336132581053747,14.452291267188633,6.920561713173496,15.4280728385008,24.17664333556224,15.978629239289168,12.921394191246128,23.55403325701633,16.015350623861682,14.939035118098696,18.89673653797986,22.624501257712723,32.29028119039528,22.963416645944537,24.959039798330064,14.964202806072867,11.844791364183143,18.373988097714737,18.643019491557578,11.528923551812415,16.94823282057592,20.395905610314784,20.16236037010848,21.025727120305636,19.745788380824656,14.957948044379664,14.91659624010694,10.806291612036743,0
28.70865023511057,18.080702187715758,16.650881665230887,12.427247511285247,35.61394741396667,11.560031806662625,15.42691244636356,20.495021017716365,21.601277794465666,23.747592331294104,28.84565104661558,21.036945932764272,11.663815200199993,16.458329249269312,19.84699423508331,30.409356249034943,9.613167129454217,25.215459031351365,19.0794862172785,23.026983211376884,17.388031700184406,12.945404219242041,22.50523667640799,21.926586162633726,23.83234179443833,17.920172187728188,14.401067860080902,8.64727802985695,22.916239608836438,20.543336894663916,0
12.205304202816244,14.768557960220253,15.199447128291355,9.10209340810549,13.093905620369197,11.197017859161875,15.525125928672379,13.567815010022624,8.237970474799507,30.13554138341689,25.515244386175386,13.325883470880088,19.634528379921658,20.50479053892777,25.14651512864086,13.088369840039528,24.552640703894557,14.712568174758388,9.984825574988319,22.344819355886987,25.74455054473457,33.527453841184105,10.80164840945872,22.19351811048473,15.5411925372388,22.700152263144187,9.177062692612497,10.423381345808616,13.344751061001096,18.47378427400851,0
14.153512400769868,21.954326063480515,24.161367709547484,21.597465247472133,27.712725837965205,20.494959776732056,10.698619737958998,26.180259081230037,14.369062586364015,23.46251099811342,27.442405299330638,20.740128064382397,9.023047121012102,12.49072700094125,25.93646680131081,16.985263886143102,18.477441209652994,22.552946496981654,22.17793717248194,19.672798874312765,16.747989772677204,16.123989325605855,23.14739295174806,21.32141718640676,16.45619999629326,24.492673877958843,17.225795309221297,12.89002695399364,13.44617580657993,12.127554982141403,0
16.365539900377875,25.40234567001716,13.169428913816947,19.130854566108617,14.059863926235522,16.438145752371373,8.939752728088488,16.676770625060776,16.837767721170227,21.24172766421417,19.33968547953222,10.809647250287728,24.505189464261257,19.261818241331973,19.19036110306492,17.944905879689166,14.893455316666682,19.306814038492355,20.853530615571493,7.51862585192667,14.767434975923425,16.470318177578463,19.537023634165667,25.159866035562754,13.369555112419306,15.012228919092948,14.924795336120699,13.190834459372752,15.916881029326424,22.624813319927828,0
9.730822523178272,17.139071975764516,6.490488849908322,12.19331001778897,13.35255349891007,23.374298364570322,13.62598847623656,3.9937826327454076,5.005555465693751,15.170147931733405,18.068854278949544,16.877279288136265,15.837850529004951,20.811297987528334,12.302043896314341,19.474552780134125,6.839925574867912,10.475260835309669,5.964793025340919,13.625773496651039,14.768693913668287,15.5705074611326,15.309416764435676,10.362233345941359,14.048795777933922,7.512766656971257,21.81614487566125,13.481869635509995,12.555569404781544,22.944701642220416,1
8.788767332253855,9.372064429840155,9.518898375657175,14.66064309150259,17.158158148187987,18.69837734058917,27.859976587474844,3.7528377289961803,18.043677945622086,12.214347137138844,12.067924255556132,11.901139358730612,10.456151645960134,23.422624173017258,19.211486635069512,15.115979892786875,21.755078762435,7.4373551735056225,8.346474343345369,4.110161339026561,11.502927299383563,15.808492633523764,15.51429288966167,15.746709555299402,7.944715844669591,19.01577371307011,16.19813759119499,18.665271407329993,5.53618911204974,16.55745429398895,1
9.061173800412366,13.01338373724319,17.671824493181916,15.455468031279565,10.742300101103407,15.03136578092209,7.342323423781785,20.75133697949148,13.973579902518743,20.59274972127663,12.367341564519785,12.382120057967086,11.179066066810767,19.38086965846538,11.45284421335762,18.222977162075882,13.087738011653549,5.120183500541902,12.14842966106767,9.104458928185759,15.169513618411688,9.047961321627549,19.629875503573082,14.544620698234864,14.112020026206306,18.279460688937913,19.819534670379312,14.899506241151741,11.143998502253547,6.130151919439353,1
13.88370145778892,14.296726520112232,18.64234471795378,15.929118713171835,22.127597832308567,14.322100372375864,17.657752998882348,25.103924659181335,20.0509512837298,17.639774749868614,14.388333348388937,14.200611619710136,12.896320482288314,14.753958805302602,22.533995032465885,16.66867037224639,9.901361583712612,28.609015758358698,19.919791146870978,9.558339596920984,15.348906436555056,18.665318296970508,28.22755255978426,11.351325250446784,23.85624431613568,26.396918561834056,14.228074169552578,16.334918286838597,11.782144515757379,16.77923315351817,0
14.817050128285345,18.298249990411854,20.450917355102234,11.259519676891765,5.163374678870028,14.893776103618789,16.467687649843203,16.24708843842521,13.36663376245478,15.623760498319673,22.577224041761237,16.908670844812548,13.133157874984578,12.49901091452002,14.150738211611348,23.183699809153197,14.083496452369014,14.90102827739646,12.588432145318485,20.494916787209824,24.799186273723375,17.25306524715694,15.413864518927129,15.183914165871174,3.078466056071271,18.725754321424088,15.670832079979217,17.141710253303625,11.442689029581476,13.077715605114541,1
15.533850380980962,24.129737904438233,15.727440980381438,30.495961932658783,20.585174514090223,10.34590404002561,17.22872224048826,14.089949267061506,4.833705181079854,27.596825640682738,22.218855253320022,21.199243907395875,18.992421961798225,9.707894587845374,15.098297162667379,23.050684648704078,11.692679821304985,2.8093841024951187,16.637363953314445,17.149454675834768,18.813380498488254,22.37111186108722,21.82563487338725,19.55261883146353,25.173188328520258,8.886181315120112,21.027490886864342,21.759230180021653,10.562626283518561,8.982776347905663,0
13.524347241146392,14.030751344908248,22.52051678101458,14.31276729785343,12.861908890312778,14.330197579832646,24.71179400492527,18.078260246261713,16.92449384785853,17.33996700779369,25.752362005959135,13.50496964038055,25.89304974564062,19.26297779352902,17.037483708147914,33.00540298760569,11.66616306120842,15.877885442597963,10.605412565015998,23.714771823217017,28.135133601910074,28.01953668842783,25.343692518876026,16.814277193224203,15.80855413506092,7.9729813650356105,30.215241211090756,20.813868468890806,15.0482585707831,25.968341333921806,0
12.163412899439994,20.439732205336046,16.96422519425499,21.832062839281804,17.61855876488327,9.294432653332654,18.45345823602023,24.293184851252175,17.824701564876086,22.650690729534514,11.726823085955681,17.842435240380887,14.252937269468536,22.481885040628256,18.188949373571973,22.140442058019676,24.526262556947195,22.14971145072833,19.638710605761865,12.01072644893157,17.983283335998593,14.801457587905,15.93561625977464,15.752795095498493,12.120446551306534,6.25596846519606,13.991141710033398,19.160276711544952,9.910937727435059,18.094093418829747,0
29.401610545865786,24.138339331513436,27.861249054723174,20.346767261596355,25.005058937918676,13.656211617193275,14.133958397868094,1.5651587631751638,25.11687284425379,27.241943878919315,14.68093652791638,16.476289761616588,13.47682731785423,20.29592130886495,24.749595271819448,7.543368156713754,20.456631183853514,16.339969369685125,18.680366351800135,20.753964010045745,16.870785367363073,17.378478879565318,16.716748994672166,23.82189721072969,20.51255976076498,19.323501226424167,10.374289673446304,15.728521540721074,23.392014962035045,18.226179438743536,0
18.29765734794569,23.832559001638167,20.193030346044083,15.465791688498712,12.445054149021365,2.2322520197205087,14.158075387635737,13.369937520915755,16.95183097197688,14.230473865126562,13.398074702816029,6.103005347463897,10.300160854249668,17.383255204002786,23.57953815566347,14.512373081271884,16.63905536787062,19.762390784764026,10.945530318998753,16.83407021642721,11.297549468339207,19.324122192455057,15.757015239758664,16.4922590699072,11.087007012907055,18.535161798053924,25.423564606155082,9.96044152285897,13.30120496176238,16.15803737084046,1
22.718437271974896,14.642722288263185,1.001818259143559,26.15513696498415,22.563036717504858,7.54231481708001,14.354587249322664,27.409094577163955,26.686778510747196,23.631840136073667,16.943325396240823,18.49792451287506,17.21444516924324,24.769438699613023,12.74494556102934,13.16520207069477,24.061647521016095,17.73383126693063,26.270804132722848,13.970926758116725,17.67132983796705,12.46552209093628,18.044176088541402,9.128718378007205,15.074199474270221,9.382476810431294,22.163539399147545,22.29953603855791,7.618423617093929,26.00331447300344,0
32.98449075851912,18.276038320418046,14.15331443865213,34.945983546018276,10.086189010184937,18.12063880121459,19.077733635791542,26.07088572271449,20.15843385076073,15.008196625269292,12.292893777672262,15.949069078523188,11.958435834329133,18.286951918708098,14.614822920837081,9.035773240261495,25.530874730249423,15.013964859425762,10.391179170148124,16.99044519307475,18.410229395805953,7.521199646525798,19.989886002754574,11.717054587858412,28.266172855144724,21.14376307246041,15.600600059344101,13.528993378095896,17.370193754618256,21.676744449499736,0
14.872529357074002,13.914205964315716,15.291851454089478,11.980705343815227,13.283970365784812,4.57103780547498,19.868631154261838,16.49398890160881,11.13272077983285,24.493674906776192,15.435082401961933,9.819282140124017,19.283687107352293,16.990241082546312,16.972899927421096,12.871221976742047,17.252478618890173,13.691208548894528,17.779707258229212,5.475277729946805,12.830632685104055,23.610775489040975,11.164662722998496,11.980808512534066,12.760193307750125,8.925969320556783,3.9585961188587397,13.847068007381935,15.679297120408284,14.73747465730674,1
14.275607190260565,15.215204354251938,20.11420735775382,14.047769070353915,12.129587114563652,13.594372575559568,17.896733798783877,22.060134392716247,11.85928130415411,15.494668935144418,16.6917872096798,10.037109966355885,15.10208583606459,7.671630713289525,6.154748481303006,16.833732039461285,13.080626293346086,16.011402038106095,14.910525114958249,10.117999756681012,14.773728490178318,8.834493474925724,21.954861790007,8.220148275700181,14.021073645157093,9.788642059763758,17.852105866803978,13.342843143592486,12.406666401893949,19.266007725257772,1
15.14715295838776,17.583222229679837,10.093370317412676,7.975915280362465,15.536039810200668,13.405768222526344,18.13217336226972,14.600457736687252,16.02537669617315,6.883087350293783,24.442184698071284,14.17879007483984,18.487934851695996,10.819541648901868,16.540049511086703,8.485776182376274,17.260339191298357,13.220129578070836,15.145952519677838,18.48987015065049,8.8372984438986,11.577541346936016,17.286621405433827,25.491107372733737,14.309588326692591,17.95568058961966,14.4651426507076,24.711227973781497,6.2638916651737215,15.47310522334679,1
8.246735798627634,2.960570576779699,19.7847723187069,18.836986776884753,16.290978373546793,17.36283545976148,36.58979660442755,16.45094917181139,21.06074616750045,14.103811082316714,19.77139545024362,16.570597949666293,15.536889103621618,28.913391193201946,25.063109779106032,18.820479884395382,4.174728384336199,15.83394466048458,34.2181653864305,16.61603000016175,24.61930543232195,26.6516544117156,19.313783495135848,12.949070208791087,3.388126009302669,22.104979251653727,13.11146398305871,19.056902711326153,10.501077962463816,16.408574757178787,0
15.168595274505266,16.34296790522149,9.425889063237928,20.98455474380676,12.015526076340144,6.627652697733774,14.454882900182682,15.171876545132301,15.802947165858798,21.810662018425397,13.817755816320703,14.401901878156144,9.484078093834533,19.102767514439485,15.921545320390518,12.899861363529187,5.476626532672682,22.222060975275436,8.861600177719714,12.04360995315147,16.791722555380016,9.017210356916568,7.532451108734283,4.380262086496675,18.60498476452818,12.27406877636839,29.63635046236665,10.028224671845633,10.392744882855393,12.173035148572993,1
19.458807930830933,15.178779967288131,21.673993284015072,12.128469660068074,9.710449689218512,7.210711563545354,4.658554992376819,14.89158588314966,16.194118125640667,14.2113778351009,25.46043478312297,25.36818125764881,15.991182075332988,7.236473320848221,14.599769351669682,14.40107163649763,14.05719022633165,13.81368657661053,14.079222625651155,15.68075030461344,14.18675340710666,19.249935051753553,20.162212295429168,12.536129476905062,25.626391956042198,12.119626188956314,8.293196317107977,20.284668428190308,13.095551193513963,19.927748824544327,0
3.5779883933968173,26.354735648898405,22.033760448242415,8.99714070502199,9.127337256922287,28.03359542458516,13.57572057901225,12.994890907604256,4.403687435104303,15.895330766390673,16.63368231098548,22.29295858061691,9.605529430893148,8.878279246556342,20.70577580865886,24.04038042736239,8.573085893292701,24.489084517798446,18.225251048920928,24.550832034447875,17.5786778308943,2.8663324950722964,17.088195706103765,24.360862912027617,12.637523885497714,15.672210186555287,16.943198978694127,0.6029167207891077,28.028085452624858,12.591745920616953,0
17.528677162363994,14.566494319258956,21.2880952817968,17.030280612140405,13.825378642395126,10.5324245374036,18.989253506910693,5.6327934802269155,18.22945210137946,9.504776242225637,21.2614183097832,15.806497713313476,18.220618839250545,15.409944069123597,6.238114524295016,10.696354183023308,18.36194668805691,15.83327908679922,20.904949526528362,17.01637281518586,10.1664905464867,11.01967931139683,15.514586952616186,3.4297796699994727,23.367209428114926,17.208733681887786,21.13517298524436,7.096980295954155,21.222825801776278,26.157494555138744,1
8.395608223113413,18.857008974518834,15.005549723436467,7.277830758758778,17.464419859259348,19.16801602418674,11.994367236655766,20.829582601276115,6.666182966054011,7.526219267751779,15.682986977943761,15.126926389861358,11.417132557879475,19.04797217985943,17.654471571079746,19.290695354670078,14.384317823238662,18.012901339891705,12.771748484850027,25.269093450432976,10.937271149390071,25.52648714729156,15.174439735447043,8.122445552156286,21.840396752443006,15.629506941974794,19.25562049190119,21.119279592712967,16.689777770725126,12.038795775935927,1
19.87856688834625,15.003777537272978,18.429289093042094,4.231347131042693,17.23490858504926,11.80707087427485,23.266548185892653,18.115436739445475,16.199288729246483,17.431549966751106,10.007795735616408,23.116283452640268,24.956852092084524,16.96456755274108,22.952017842868194,12.15425900663733,11.014432168875096,15.204623743644614,17.174705191839493,13.030066593784397,17.68884095184242,16.53194741036707,10.008466123544725,17.593965087258606,19.317641212607604,15.857346587951955,20.763240516308464,8.91298103251524,17.33975211065926,9.148596468016127,1
